quantity,avg_daily_sales,days_to_restock,price,low_stock
21,5.21,3,508.27,0
36,15.03,3,39.4,1
93,19.1,5,601.23,1
86,0.13,3,2643.78,0
100,5.58,3,3862.84,0
68,6.44,5,4850.41,0
82,5.96,5,525.56,0
74,15.23,7,1672.1,1
41,0.32,7,5.3,0
93,6.87,5,4007.09,0
34,7.97,7,550.72,1
82,18.37,7,191.85,1
37,15.53,7,3576.32,1
79,14.82,5,33.03,0
80,6.49,3,3675.89,0
49,12.1,5,991.53,1
95,0.63,5,918.7,0
74,13.1,5,40.86,0
61,7.39,7,4311.19,0
72,0.07,5,901.38,0
98,3.87,7,4487.07,0
18,1.46,7,1812.52,0
19,14.34,5,580.76,1
3,18.94,7,2555.34,1
59,6.75,3,3342.61,0
99,8.48,7,882.65,0
23,19.99,3,94.05,1
43,10.04,5,3224.34,1
94,0.05,7,5.58,0
45,19.43,5,21.98,1
20,2.6,3,161.01,0
31,11.69,5,1211.04,1
2,8.95,3,65.6,1
44,0.43,3,268.82,0
92,0.57,7,3056.35,0
43,2.12,5,607.77,0
61,0.53,7,952.87,0
98,16.55,7,61.09,1
6,15.46,3,680.52,1
36,0.38,7,442.98,0
26,7.53,3,61.5,0
12,2.1,5,962.3,0
7,16.49,5,54.64,1
5,0.66,7,818.01,0
18,0.91,7,3816.56,0
3,6.91,3,168.9,1
95,19.34,3,536.82,0
7,15.07,3,44.84,1
76,7.26,3,55.32,0
93,12.31,7,558.78,0
61,3.99,5,4860.04,0
33,0.19,3,20.2,0
33,6.42,5,580.94,0
44,0.0,3,497.53,0
32,13.63,5,765.46,1
29,14.96,5,3909.02,1
48,8.46,7,2572.9,1
96,0.87,5,4548.34,0
11,0.57,5,4942.65,0
12,6.36,5,249.29,1
9,17.44,7,16.61,1
55,13.06,5,122.43,1
83,0.45,5,1328.57,0
81,9.21,5,76.09,0
76,15.29,3,3759.63,0
24,10.31,7,261.29,1
35,8.44,3,86.74,0
0,4.78,5,16.99,1
95,15.01,7,2691.27,1
58,15.36,3,2921.42,0
27,11.58,7,4714.67,1
54,8.85,3,2900.22,0
69,0.8,5,2920.72,0
42,1.25,3,74.91,0
42,19.66,5,964.58,1
8,19.35,7,53.59,1
18,0.41,5,35.49,0
4,0.05,5,1422.3,0
88,16.58,7,1319.72,1
82,17.83,3,65.27,0
15,14.79,5,442.22,1
9,0.87,7,69.18,0
85,4.46,3,72.18,0
21,16.46,3,413.2,1
25,0.57,7,4063.56,0
0,5.6,3,776.78,1
69,16.04,3,1827.47,0
8,7.75,3,3042.18,1
83,0.56,3,513.26,0
25,1.36,7,3898.76,0
52,12.31,7,83.21,1
77,4.98,7,31.03,0
9,12.88,5,540.12,1
53,0.2,7,77.81,0
41,0.34,5,1318.24,0
10,0.53,7,4543.38,0
20,13.7,3,33.2,1
77,18.22,7,970.66,1
82,2.83,3,268.36,0
31,16.56,5,19.95,1
53,0.27,7,618.98,0
1,11.66,5,67.82,1
80,17.7,5,2091.18,1
93,6.92,3,3362.95,0
79,0.32,7,24.51,0
70,18.59,3,223.17,0
70,0.19,7,831.39,0
86,0.54,7,1378.71,0
14,15.13,7,1949.9,1
18,0.0,3,1137.98,0
26,0.73,5,262.99,0
49,18.3,5,11.92,1
27,4.69,3,2706.29,0
97,11.5,3,4657.7,0
56,5.12,3,1441.66,0
66,17.71,5,11.18,1
60,13.12,7,708.72,1
7,11.05,3,33.91,1
25,8.91,5,59.77,1
69,6.43,3,2378.14,0
83,0.8,3,2435.52,0
41,13.49,5,175.27,1
51,0.48,5,2.17,0
50,5.0,5,2742.31,0
77,0.6,7,724.93,0
49,19.26,5,547.84,1
72,15.73,3,475.75,0
64,15.29,7,871.11,1
63,3.64,7,1515.41,0
47,13.52,5,45.26,1
11,11.76,5,27.04,1
8,4.43,5,624.81,1
53,3.05,7,4911.69,0
53,8.21,7,1509.26,1
49,0.64,7,1909.37,0
59,1.0,3,4637.35,0
45,8.59,3,368.54,0
0,10.64,3,31.69,1
43,11.68,3,175.45,0
64,8.77,7,588.85,0
85,5.74,3,2333.2,0
70,6.93,7,231.72,0
25,7.55,5,982.31,1
87,4.08,7,1945.65,0
48,0.87,3,1993.59,0
76,6.48,3,4611.47,0
79,0.73,7,3683.3,0
96,0.52,3,22.99,0
98,0.95,7,667.53,0
32,0.51,3,530.82,0
95,0.06,7,694.25,0
41,12.89,5,54.28,1
49,0.74,7,98.94,0
31,18.25,5,968.09,1
1,0.46,7,125.4,1
97,2.21,5,60.53,0
72,1.37,3,305.67,0
26,0.05,7,302.14,0
80,13.98,3,858.03,0
66,2.07,7,53.49,0
52,12.08,5,4143.46,1
77,0.61,3,56.21,0
14,0.67,3,732.7,0
18,7.7,5,572.17,1
93,0.47,7,60.91,0
4,8.61,7,29.8,1
20,0.24,7,21.98,0
68,4.42,3,420.03,0
68,0.08,5,281.15,0
64,0.22,5,1957.65,0
93,15.94,7,3277.23,1
63,0.95,7,4259.01,0
87,8.24,3,355.29,0
59,3.85,7,2659.77,0
97,16.98,5,73.01,0
71,8.7,5,55.6,0
79,0.25,3,45.4,0
37,1.47,7,70.8,0
73,0.7,5,2230.32,0
84,12.31,7,37.42,1
41,9.64,7,1830.79,1
24,1.49,5,248.85,0
72,0.64,5,4531.39,0
24,17.21,5,859.8,1
30,2.15,7,1590.31,0
1,10.41,7,802.13,1
36,4.65,7,227.46,0
59,4.23,5,193.83,0
82,1.35,5,2268.24,0
74,0.25,3,421.14,0
83,0.79,7,97.21,0
51,6.52,7,86.84,0
70,6.25,5,192.63,0
23,9.42,3,4736.91,1
38,4.87,7,67.42,0
55,8.55,5,1220.56,0
94,7.57,7,276.41,0
96,7.73,3,500.57,0
80,12.92,3,572.04,0
84,9.9,7,42.18,0
69,5.21,5,89.78,0
48,0.93,3,89.12,0
40,0.25,5,2.23,0
17,0.75,5,2702.95,0
86,15.73,5,442.43,0
73,2.13,3,3066.64,0
57,4.65,5,275.08,0
27,0.83,3,265.45,0
58,6.89,7,484.47,0
3,0.19,3,10.49,0
7,0.1,7,381.76,0
51,0.45,5,273.85,0
79,0.28,3,138.49,0
20,6.53,3,2286.32,0
55,10.04,7,2900.01,1
57,0.4,7,421.24,0
15,0.33,3,971.68,0
92,0.18,5,36.9,0
66,0.89,7,470.58,0
27,11.66,7,95.12,1
83,2.57,7,56.34,0
71,15.62,7,141.75,1
99,17.1,3,928.22,0
78,18.77,3,14.11,0
67,0.11,5,822.43,0
83,0.85,3,354.51,0
84,4.62,7,545.72,0
35,7.43,5,72.75,1
96,5.42,3,97.34,0
37,0.54,7,231.43,0
66,13.45,7,323.18,1
5,6.03,7,3.38,1
9,6.19,7,64.17,1
91,9.48,5,1075.69,0
7,3.51,3,4315.2,1
71,0.71,5,3678.55,0
1,11.62,3,30.58,1
66,19.1,5,2097.68,1
94,4.69,3,4533.74,0
97,13.27,5,41.21,0
90,10.0,7,3.32,0
7,4.72,7,2.22,1
85,14.6,7,889.16,1
12,18.35,3,2251.96,1
85,15.72,7,13.3,1
34,9.83,7,17.32,1
65,0.26,3,4707.48,0
81,0.36,7,471.57,0
99,7.08,3,131.97,0
87,0.88,3,79.05,0
60,2.37,7,155.64,0
71,17.39,7,404.42,1
35,2.24,7,160.82,0
97,0.04,5,235.17,0
52,9.17,7,4239.23,1
68,2.23,5,4447.57,0
47,16.43,3,90.55,1
52,18.68,7,53.7,1
90,0.75,3,63.8,0
6,17.77,3,143.85,1
68,6.48,5,3185.62,0
81,8.89,7,1157.45,0
63,3.82,7,2775.99,0
43,0.84,5,945.82,0
71,1.47,3,18.44,0
96,16.04,5,756.1,0
69,9.23,3,33.86,0
71,0.51,5,3207.86,0
45,7.61,5,93.51,0
20,0.45,7,10.41,0
16,11.88,7,81.85,1
63,16.8,5,3226.78,1
9,3.4,3,65.55,1
57,13.68,3,746.66,0
31,0.55,5,2408.5,0
22,11.4,7,38.65,1
36,12.94,7,1309.51,1
83,14.99,7,63.5,1
62,5.5,5,26.96,0
26,12.04,3,994.29,1
44,0.23,7,554.22,0
50,15.85,3,4676.09,0
79,0.36,5,479.1,0
36,0.45,3,958.64,0
80,5.15,5,3800.52,0
57,0.7,5,899.86,0
90,0.88,5,254.35,0
67,0.48,5,937.55,0
62,11.04,3,920.82,0
65,5.69,7,13.39,0
13,5.1,5,1294.66,1
16,18.34,5,4457.34,1
29,6.69,7,1011.52,1
100,0.7,5,11.11,0
41,5.15,5,2716.19,0
59,1.29,5,3293.84,0
62,15.42,7,28.56,1
73,19.99,5,1996.12,1
32,12.78,5,734.64,1
64,0.12,7,31.94,0
51,18.32,5,66.52,1
80,5.28,5,3987.23,0
3,11.9,7,2963.39,1
41,4.04,7,246.1,0
65,0.38,7,4398.23,0
65,14.9,5,767.12,1
62,18.83,7,11.78,1
85,0.25,5,61.97,0
29,0.29,5,588.16,0
23,11.88,3,19.94,1
58,6.6,7,387.93,0
98,5.86,3,667.09,0
83,2.44,5,3110.01,0
41,10.8,3,2115.07,0
99,10.51,3,28.06,0
71,17.62,3,4134.97,0
49,0.46,3,27.97,0
63,11.55,5,118.18,0
19,0.52,7,2679.18,0
55,2.5,7,2373.33,0
31,14.72,5,51.84,1
35,8.63,7,827.62,1
94,12.65,3,2658.22,0
94,11.06,3,415.7,0
33,7.53,5,878.78,1
4,3.88,3,7.08,1
23,9.94,3,63.47,1
76,14.03,3,58.25,0
31,1.12,5,19.65,0
38,15.74,7,2304.95,1
27,19.17,5,4951.2,1
93,0.39,5,9.22,0
20,0.12,3,259.15,0
1,0.93,7,994.63,1
29,4.24,5,654.01,0
56,11.67,3,32.6,0
86,11.7,5,4992.94,0
21,0.19,5,4530.93,0
20,0.03,5,490.76,0
56,0.11,7,1754.21,0
67,9.77,5,133.74,0
94,0.32,3,2995.89,0
1,12.09,3,487.45,1
7,12.97,7,2.12,1
90,13.51,7,7.29,1
84,0.8,5,46.08,0
15,7.06,5,3799.55,1
17,19.23,5,89.85,1
82,0.16,5,89.14,0
69,17.6,5,38.12,1
40,3.71,5,4202.24,0
87,0.28,7,900.11,0
44,0.28,7,3081.59,0
8,11.03,3,4454.28,1
1,0.46,7,914.97,1
14,0.0,5,327.25,0
15,0.77,5,37.14,0
69,9.95,7,11.25,1
48,18.78,7,1912.39,1
79,6.56,7,718.42,0
71,9.29,7,119.02,0
69,0.43,7,697.97,0
50,0.48,3,4939.97,0
14,4.36,7,41.38,1
10,0.32,3,3.58,0
44,13.95,5,405.97,1
19,12.92,5,34.69,1
36,0.78,5,1512.52,0
45,3.58,5,4488.1,0
65,2.34,7,1232.23,0
10,10.57,7,1402.11,1
28,7.96,7,1376.44,1
77,2.13,3,92.47,0
48,9.2,3,40.67,0
40,18.36,3,39.33,1
99,17.54,3,956.68,0
30,14.61,7,937.82,1
42,9.47,3,73.83,0
2,11.39,5,47.88,1
95,14.71,7,73.58,1
50,15.34,3,2370.55,0
39,3.14,7,4996.55,0
56,12.93,7,208.34,1
53,0.41,3,2029.81,0
8,0.66,3,3070.09,0
31,2.14,7,70.75,0
66,0.9,3,926.69,0
85,12.94,5,19.78,0
3,9.31,3,195.67,1
85,10.51,3,535.36,0
16,12.99,3,66.46,1
14,0.83,7,769.96,0
74,11.16,7,73.74,1
23,1.85,3,2840.13,0
67,9.39,5,203.01,0
83,6.7,3,61.67,0
88,8.53,7,3193.54,0
5,17.65,7,4873.96,1
49,2.98,7,8.29,0
56,10.45,3,603.57,0
93,0.97,5,2872.87,0
98,17.63,7,3714.47,1
34,17.81,7,345.66,1
89,3.44,7,714.85,0
4,1.59,7,469.59,1
23,1.23,7,12.63,0
35,7.17,5,821.89,1
91,5.68,5,4870.14,0
33,19.86,7,4753.71,1
50,7.46,3,584.01,0
7,19.84,3,1706.39,1
23,17.44,5,470.43,1
95,0.25,5,553.13,0
19,6.93,3,672.17,1
85,18.77,5,536.97,1
43,17.84,3,96.58,1
40,11.05,3,841.17,0
7,14.99,3,363.53,1
91,1.06,3,64.99,0
62,10.76,3,709.99,0
79,7.78,3,3507.11,0
25,5.03,7,15.32,1
82,0.99,5,392.89,0
3,14.36,7,4515.04,1
18,0.48,7,69.3,0
57,18.62,3,848.67,0
76,19.31,5,509.53,1
48,7.42,7,84.73,1
24,5.91,3,38.9,0
25,0.9,7,74.4,0
62,0.49,3,254.01,0
38,1.81,3,3062.87,0
33,2.77,5,1118.43,0
89,0.09,7,823.54,0
79,19.83,5,544.01,1
10,0.02,5,2126.4,0
87,9.5,5,2621.49,0
5,12.24,5,101.27,1
2,0.66,7,3074.46,1
81,14.71,7,1052.12,1
39,0.69,5,4818.41,0
47,7.32,7,801.89,1
19,8.46,7,803.63,1
4,0.96,3,81.18,0
31,16.64,5,716.11,1
4,18.0,3,633.69,1
54,0.02,7,25.14,0
88,18.97,7,4086.62,1
59,16.85,3,41.79,0
59,0.91,5,568.76,0
11,7.37,7,578.16,1
50,9.77,3,1410.75,0
2,8.93,5,578.59,1
36,0.42,7,4254.08,0
85,0.76,5,3109.24,0
14,1.4,7,632.29,0
14,18.03,5,388.53,1
87,8.25,5,905.75,0
42,11.97,5,3388.74,1
6,12.44,5,110.01,1
84,17.55,3,3917.84,0
84,18.41,3,826.4,0
2,3.1,7,42.74,1
81,5.4,5,3798.52,0
46,11.36,5,66.52,1
18,11.86,5,312.85,1
73,14.43,3,2080.05,0
20,0.6,3,1609.35,0
94,0.47,7,507.36,0
98,0.56,5,41.81,0
37,0.71,7,203.29,0
62,10.49,3,1.16,0
1,12.66,5,652.59,1
68,15.79,5,42.42,1
26,5.58,3,3099.81,0
63,4.94,5,430.42,0
54,1.97,5,242.27,0
50,0.0,5,475.58,0
87,2.62,3,409.97,0
89,4.42,7,580.69,0
39,1.44,7,76.11,0
60,5.83,5,3313.37,0
83,1.89,3,4041.42,0
56,0.73,3,48.16,0
48,0.46,7,67.48,0
29,0.31,7,2.63,0
82,15.33,5,189.19,0
67,12.73,5,30.67,0
38,7.94,3,897.81,0
77,16.93,3,28.61,0
15,0.28,3,1048.45,0
9,18.62,7,2275.56,1
34,9.28,5,658.01,1
87,3.39,7,3334.92,0
33,2.31,7,43.63,0
9,4.68,5,61.42,1
56,3.11,3,280.76,0
9,12.3,5,4848.98,1
24,7.79,5,140.07,1
81,17.27,3,910.37,0
81,0.52,5,2399.21,0
77,8.94,5,1443.62,0
32,2.09,7,2166.51,0
28,18.66,5,93.99,1
24,0.41,5,373.38,0
53,12.85,7,95.22,1
77,7.08,7,89.43,0
100,0.73,3,37.77,0
94,0.02,3,88.71,0
11,0.53,3,92.79,0
72,0.72,7,1215.85,0
34,5.52,5,3.92,0
68,0.74,5,1313.83,0
94,1.98,3,3989.55,0
42,17.32,5,26.54,1
15,18.34,3,37.51,1
35,3.49,3,85.13,0
53,13.7,7,160.3,1
8,13.76,7,754.22,1
14,10.94,7,780.24,1
28,8.64,7,682.37,1
91,15.0,5,82.33,0
17,14.41,3,417.45,1
6,17.11,7,4023.98,1
96,0.24,3,856.27,0
7,17.43,5,450.19,1
83,15.91,7,87.76,1
77,7.74,3,526.21,0
30,15.74,7,126.58,1
47,13.24,5,2551.47,1
42,0.52,3,210.42,0
22,0.43,5,389.45,0
78,7.4,5,4368.79,0
95,15.48,5,2066.64,0
70,0.83,3,4148.82,0
72,17.28,5,1206.32,1
64,4.15,7,27.16,0
29,0.03,7,3417.89,0
70,0.22,5,16.79,0
19,19.5,3,1317.2,1
65,11.57,5,3.98,0
23,4.89,5,1.11,1
75,6.65,3,632.44,0
46,18.62,3,864.0,1
27,2.29,7,76.06,0
46,8.03,7,719.48,1
34,3.02,5,15.04,0
40,0.98,7,3.86,0
71,6.18,3,1479.83,0
33,2.55,7,46.56,0
89,17.74,7,33.88,1
61,0.62,7,201.61,0
39,0.87,7,4253.62,0
63,5.05,7,54.87,0
11,1.74,5,884.95,0
49,3.76,7,486.55,0
10,0.52,3,3123.76,0
14,0.97,5,272.13,0
83,0.84,7,694.66,0
34,10.89,3,1082.83,0
83,0.79,7,1953.02,0
63,0.14,7,751.79,0
16,9.12,7,2.36,1
91,12.27,5,93.66,0
52,0.55,7,970.71,0
70,0.68,5,2579.38,0
14,11.51,5,932.01,1
95,5.75,5,2570.11,0
32,7.19,7,586.93,1
94,7.18,3,2245.15,0
88,11.52,5,2573.02,0
73,8.49,3,600.78,0
2,9.24,5,664.82,1
1,6.72,5,189.9,1
40,0.9,7,493.4,0
8,4.39,5,69.65,1
0,13.3,7,66.23,1
33,5.12,5,603.76,0
9,18.16,5,1730.15,1
94,6.24,3,620.96,0
52,12.34,5,3143.17,1
50,15.95,3,42.8,0
59,4.61,5,217.74,0
84,3.79,5,87.97,0
22,14.44,7,95.4,1
91,16.99,5,44.14,0
38,5.28,7,1356.46,0
92,2.8,7,3.78,0
8,19.71,7,44.86,1
55,0.04,5,87.79,0
21,0.4,5,654.6,0
42,4.16,5,3103.04,0
2,10.33,7,99.53,1
73,17.81,7,4523.41,1
33,0.26,3,2913.11,0
55,7.35,5,19.99,0
65,14.3,7,89.89,1
93,4.49,3,1254.66,0
33,8.75,7,4888.51,1
96,16.17,5,89.98,0
74,0.83,5,195.7,0
87,15.21,3,5.75,0
11,4.92,3,35.37,1
76,14.6,5,556.33,0
80,18.68,5,22.43,1
4,9.75,3,2737.43,1
5,3.84,5,2314.17,1
86,15.38,7,382.05,1
40,7.49,3,2250.49,0
76,14.21,5,390.75,0
12,1.47,7,574.82,0
69,17.04,5,623.43,1
43,17.49,5,250.72,1
41,19.91,5,40.99,1
91,16.92,7,36.51,1
37,8.2,5,7.21,1
13,2.45,5,99.17,0
80,5.76,5,4925.2,0
28,18.3,3,41.58,1
35,0.27,7,28.87,0
60,4.25,5,2840.37,0
98,0.35,3,66.25,0
36,0.66,5,1482.39,0
9,17.03,5,4218.71,1
59,7.09,5,1277.85,0
7,7.2,3,610.92,1
100,0.6,5,9.16,0
91,2.7,7,97.67,0
86,18.96,3,3435.23,0
46,0.76,5,2719.95,0
87,14.99,5,66.69,0
26,16.39,7,51.89,1
54,1.98,5,704.01,0
91,0.96,5,92.08,0
20,3.18,7,2766.58,1
60,0.9,7,66.99,0
34,0.34,7,190.74,0
71,18.12,7,2610.48,1
9,1.87,7,2238.68,1
20,6.26,5,1281.08,1
58,0.55,7,634.12,0
92,0.01,3,3983.29,0
47,17.39,7,36.92,1
83,1.51,3,2382.72,0
71,2.39,5,742.57,0
92,0.04,7,607.19,0
75,13.49,5,746.49,0
56,3.86,5,679.11,0
100,18.79,5,33.12,0
41,16.74,5,30.79,1
82,0.73,3,2463.24,0
46,7.32,5,1852.79,0
91,5.58,7,91.54,0
68,7.26,3,4227.1,0
88,6.21,3,34.92,0
86,14.74,5,65.65,0
23,10.6,7,376.6,1
3,18.93,3,420.54,1
20,0.07,5,4243.88,0
23,10.03,3,3350.63,1
10,5.55,7,630.88,1
31,9.69,7,96.84,1
100,9.93,5,49.63,0
51,4.59,3,2986.79,0
40,11.33,7,87.16,1
94,12.89,3,14.28,0
51,0.62,7,324.52,0
51,8.17,7,49.16,1
3,15.59,5,1194.88,1
88,14.81,5,697.93,0
7,17.01,3,4276.46,1
21,0.35,7,1882.16,0
72,18.56,7,799.13,1
91,3.5,3,69.06,0
51,10.27,7,4549.91,1
0,4.15,3,125.33,1
59,17.74,7,3743.35,1
12,0.36,7,642.78,0
4,4.83,7,43.02,1
19,0.34,3,4400.71,0
1,9.52,7,577.94,1
58,0.6,7,1605.0,0
76,0.46,5,71.72,0
100,0.72,3,597.69,0
23,8.8,7,3037.74,1
17,0.23,7,9.29,0
22,0.51,5,51.81,0
49,18.72,7,28.0,1
76,14.73,3,685.9,0
45,0.74,3,75.93,0
89,0.42,3,53.97,0
22,6.86,3,1716.91,0
37,0.82,3,4741.37,0
5,0.63,7,4904.18,0
77,0.64,7,2041.48,0
44,4.86,5,2051.47,0
63,0.28,7,72.14,0
87,1.49,5,3548.13,0
41,9.22,5,21.81,1
46,1.34,3,12.78,0
21,13.4,7,1699.76,1
63,0.6,3,81.87,0
93,10.71,7,77.97,0
35,18.71,5,56.36,1
84,11.97,3,2393.53,0
39,1.95,3,48.57,0
53,0.96,3,1568.32,0
11,0.36,5,384.64,0
70,12.52,7,2819.13,1
66,17.63,3,89.4,0
47,0.45,7,46.87,0
54,9.15,7,46.03,1
30,18.1,7,23.4,1
11,11.5,5,218.98,1
33,1.91,3,1.37,0
12,1.12,5,81.9,0
89,5.78,5,267.23,0
57,9.42,3,38.42,0
19,9.41,5,37.98,1
100,13.92,5,3467.29,0
35,0.78,7,24.87,0
68,0.24,7,58.31,0
22,0.76,5,80.69,0
43,0.06,3,1583.95,0
95,12.54,7,1023.71,0
96,1.82,7,134.45,0
21,0.4,7,343.82,0
99,0.65,5,553.21,0
20,17.95,3,3929.02,1
54,5.11,3,24.3,0
12,0.37,3,510.91,0
99,2.69,5,3432.64,0
57,0.32,7,68.85,0
50,14.28,3,236.85,0
38,0.3,7,4609.75,0
19,15.34,3,190.27,1
92,10.29,7,59.23,0
91,2.76,5,806.34,0
38,0.69,5,65.46,0
64,0.78,5,41.99,0
91,0.49,7,390.7,0
2,17.43,3,42.88,1
25,6.68,7,602.91,1
51,15.26,5,1125.32,1
48,15.06,5,69.26,1
8,0.42,3,49.43,0
34,4.49,3,6.64,0
30,0.19,7,308.25,0
34,0.47,5,1811.78,0
34,0.66,5,945.82,0
67,0.61,7,462.19,0
53,17.84,5,773.18,1
79,0.96,7,432.19,0
45,0.36,5,11.15,0
56,10.59,7,1810.0,1
49,8.77,3,411.92,0
21,11.31,3,225.49,1
17,13.93,5,2444.18,1
40,7.88,3,92.04,0
16,18.76,5,3989.69,1
88,12.78,3,440.02,0
66,15.07,5,386.1,1
12,1.4,3,14.19,0
2,0.84,3,2968.18,1
42,4.14,5,4391.05,0
58,12.49,7,392.62,1
43,1.19,7,48.2,0
18,1.94,5,335.1,0
27,3.05,3,793.68,0
5,19.29,7,16.96,1
87,0.14,5,1873.65,0
54,15.13,7,865.91,1
42,0.48,5,81.49,0
78,7.48,3,1697.34,0
77,4.01,7,120.31,0
72,15.55,7,132.05,1
82,0.77,7,241.4,0
36,6.68,3,337.37,0
55,17.62,7,4917.6,1
98,7.85,3,67.25,0
93,0.8,3,504.76,0
83,0.46,5,1808.79,0
23,16.16,7,51.17,1
35,15.41,5,3830.92,1
56,2.32,3,306.36,0
28,19.99,3,79.76,1
84,0.43,3,79.87,0
86,15.05,7,30.34,1
28,10.5,7,3628.47,1
95,14.0,5,27.21,0
4,0.87,5,74.06,1
31,1.89,3,3675.73,0
75,16.21,7,3506.05,1
14,4.1,7,201.2,1
21,16.13,5,65.34,1
3,1.22,7,41.77,1
41,12.35,3,93.23,0
51,15.15,5,55.18,1
12,0.24,7,4773.75,0
73,2.62,5,4971.61,0
9,2.89,3,24.58,0
71,18.02,7,63.42,1
40,10.96,5,2995.43,1
89,2.06,3,85.13,0
21,0.64,3,685.77,0
64,0.91,7,3886.26,0
41,2.06,7,29.11,0
49,0.4,7,2573.03,0
50,13.87,7,635.76,1
36,6.91,3,79.64,0
98,13.61,7,1620.14,0
65,3.75,7,562.04,0
24,6.31,3,223.11,0
47,1.09,5,3698.44,0
17,14.97,7,734.63,1
29,6.7,7,4578.8,1
59,19.75,3,2912.21,1
48,6.96,7,473.95,1
11,0.29,5,3801.21,0
72,17.1,5,3537.1,1
59,0.49,7,366.6,0
56,19.79,7,43.31,1
7,0.12,3,265.51,0
76,15.22,5,1310.04,1
52,3.33,7,2330.5,0
85,3.63,5,231.77,0
6,13.64,5,384.53,1
91,0.72,7,87.42,0
15,12.59,5,96.24,1
12,0.72,5,191.31,0
83,9.94,3,4019.5,0
22,18.43,3,204.79,1
32,0.62,7,90.52,0
90,12.68,7,3535.85,0
50,0.19,7,633.15,0
29,14.33,3,1163.88,1
82,0.02,3,77.89,0
18,3.29,3,920.48,0
59,1.24,7,40.07,0
51,0.13,7,40.16,0
36,4.11,5,1215.14,0
10,17.51,5,217.79,1
98,6.14,5,386.09,0
9,12.72,3,501.18,1
72,14.71,3,1637.37,0
13,0.23,7,393.41,0
83,15.31,5,3053.53,0
41,17.99,3,143.08,1
16,4.51,7,750.69,1
11,0.7,7,709.44,0
69,19.64,5,31.83,1
22,14.5,5,1089.86,1
14,9.13,7,8.32,1
7,0.34,3,1143.67,0
68,0.78,3,68.58,0
80,6.74,5,524.57,0
3,17.2,7,786.52,1
54,10.97,3,72.58,0
99,1.54,7,3527.46,0
7,7.29,3,118.45,1
32,0.46,3,140.49,0
39,6.16,3,1088.31,0
44,9.2,7,3056.81,1
63,14.37,5,36.56,1
66,0.24,7,44.91,0
45,11.74,3,2785.51,0
21,0.93,3,625.2,0
18,10.73,5,3838.58,1
51,12.49,3,23.66,0
90,5.04,5,1407.82,0
89,2.24,3,72.24,0
10,0.37,5,126.5,0
97,0.83,3,46.27,0
75,0.97,5,2726.49,0
38,19.44,7,838.32,1
25,15.8,5,2064.46,1
62,0.42,7,36.21,0
15,1.92,3,305.28,0
17,17.02,5,17.77,1
47,17.78,3,1381.84,1
97,18.94,7,3971.35,1
24,12.56,3,616.87,1
89,6.23,7,128.93,0
92,0.32,5,32.44,0
46,0.19,7,557.62,0
73,0.09,7,88.46,0
2,16.33,5,179.28,1
23,0.24,7,1120.45,0
23,1.98,7,341.5,0
60,13.38,3,712.55,0
22,17.4,5,3078.2,1
18,17.62,3,2813.12,1
17,18.74,5,15.79,1
64,0.22,3,3186.53,0
0,0.32,3,2353.99,1
79,1.78,7,2955.27,0
34,14.42,7,4880.38,1
86,19.62,3,2722.86,0
6,7.38,7,1334.34,1
78,16.91,7,1944.26,1
80,9.95,5,2423.95,0
89,0.46,3,832.99,0
49,18.75,7,592.48,1
71,16.64,7,921.12,1
89,4.03,5,56.42,0
38,6.04,5,648.58,0
73,0.62,5,95.91,0
84,0.35,3,74.62,0
90,0.92,5,3198.29,0
70,5.26,5,2349.91,0
60,8.81,3,642.85,0
24,0.14,3,3615.73,0
3,0.69,5,201.9,1
41,5.92,5,3886.08,0
33,12.84,5,341.52,1
36,0.29,7,473.04,0
74,0.28,5,4050.62,0
95,18.0,7,55.55,1
54,0.48,5,74.07,0
68,0.83,3,736.7,0
28,18.0,3,2424.0,1
40,16.66,7,733.31,1
91,3.51,3,404.92,0
49,11.66,5,953.18,1
97,0.71,5,35.94,0
76,9.98,5,912.7,0
47,3.88,3,1675.74,0
71,12.87,3,2193.46,0
85,0.06,3,2965.94,0
31,2.07,5,28.27,0
24,8.22,3,20.18,1
11,6.89,7,30.63,1
45,6.01,5,2458.61,0
34,0.09,3,911.25,0
39,19.48,7,2215.16,1
31,10.57,7,60.7,1
48,2.36,5,255.03,0
49,11.48,7,50.3,1
80,4.89,7,2617.75,0
9,5.71,7,85.85,1
23,11.9,3,146.44,1
37,16.85,7,3003.34,1
72,0.18,7,24.72,0
82,0.47,7,927.6,0
14,4.25,7,907.51,1
17,5.64,3,693.02,0
15,9.06,5,93.98,1
92,13.15,3,141.7,0
5,17.35,7,4283.12,1
4,8.2,7,50.91,1
22,13.79,3,92.39,1
61,10.55,3,572.61,0
20,1.86,7,718.65,0
82,3.4,7,4171.66,0
4,13.59,5,1516.26,1
92,6.25,7,668.33,0
57,0.15,5,1.24,0
3,0.59,3,93.42,0
4,15.66,5,953.79,1
0,16.95,3,88.46,1
12,0.75,5,332.44,0
57,0.93,5,31.3,0
85,8.88,7,325.28,0
81,7.24,5,4201.11,0
13,13.64,5,117.25,1
75,0.69,3,2339.74,0
51,4.93,7,664.11,0
21,16.34,3,2027.02,1
2,0.44,5,82.59,1
2,0.19,7,47.33,0
14,0.83,5,673.2,0
80,0.13,5,196.82,0
89,9.55,7,1144.07,0
79,7.78,7,4353.33,0
2,0.69,5,167.42,1
86,0.78,7,98.88,0
7,1.6,3,1037.27,0
42,0.13,3,1593.13,0
38,4.19,7,84.66,0
11,12.64,7,4283.33,1
92,14.23,3,973.51,0
65,1.95,5,3406.65,0
49,10.64,3,131.5,0
69,5.04,7,997.68,0
96,19.9,5,80.06,1
83,9.04,3,319.87,0
1,0.91,5,1760.28,1
26,0.79,5,45.67,0
35,14.82,3,27.55,1
79,0.14,3,86.57,0
2,15.62,5,2501.28,1
20,0.22,3,306.74,0
51,10.81,7,154.89,1
95,0.05,7,58.77,0
13,11.83,7,76.88,1
51,0.7,5,87.66,0
92,16.23,7,3769.07,1
94,10.44,3,77.32,0
30,0.37,3,180.2,0
71,9.62,5,2092.26,0
15,7.08,7,76.13,1
52,14.96,3,3846.3,0
60,16.79,5,3674.6,1
63,1.44,7,877.87,0
76,7.8,3,119.22,0
76,11.66,3,20.45,0
30,20.0,5,77.07,1
14,15.98,3,3787.92,1
58,0.38,7,52.98,0
74,0.85,7,3350.56,0
65,0.38,7,886.36,0
50,0.34,5,2709.91,0
31,15.21,3,1492.87,1
29,3.66,5,5.37,0
46,17.36,5,5.6,1
6,11.31,5,11.62,1
22,0.42,7,280.27,0
80,12.11,7,768.88,1
37,12.03,5,85.61,1
34,0.86,7,177.56,0
49,7.75,5,78.69,0
25,0.28,7,5.96,0
26,0.91,7,750.06,0
81,0.1,5,2675.63,0
11,15.62,5,1779.95,1
24,8.14,7,69.47,1
67,0.58,5,9.99,0
100,4.78,5,16.17,0
76,0.93,3,24.77,0
3,6.76,7,40.19,1
11,19.26,7,865.93,1
100,13.1,7,20.71,0
76,0.31,7,984.93,0
98,5.79,3,4762.38,0
96,13.67,7,63.11,0
55,8.89,3,3990.86,0
98,12.15,7,52.47,0
16,14.98,5,565.0,1
63,0.98,7,906.98,0
97,10.94,7,1972.68,0
71,0.59,3,3136.64,0
12,0.16,3,597.6,0
56,15.14,3,80.43,0
61,0.76,7,1718.28,0
80,0.68,3,1783.31,0
12,16.98,5,45.26,1
4,19.65,7,960.07,1
43,0.24,5,64.4,0
70,0.74,7,30.54,0
8,1.88,5,341.28,1
9,0.58,7,2717.31,0
81,5.02,5,729.79,0
86,4.97,3,80.56,0
86,0.17,7,649.62,0
37,0.12,5,4939.15,0
95,2.41,5,416.25,0
27,19.89,7,535.03,1
72,4.02,7,474.72,0
88,18.23,5,980.26,1
66,11.54,5,1328.5,0
7,11.74,5,779.96,1
86,5.38,5,626.54,0
24,15.21,3,71.92,1
36,0.98,7,4875.55,0
51,9.85,7,753.01,1
20,17.01,5,8.32,1
78,8.21,7,59.0,0
42,0.53,7,3391.65,0
12,11.35,5,60.73,1
59,7.11,7,4116.36,0
84,0.88,5,81.62,0
22,0.22,7,174.79,0
44,11.78,7,88.05,1
38,7.0,7,65.03,1
43,10.47,3,4.17,0
51,8.58,7,85.98,1
99,11.33,5,3379.8,0
84,2.17,5,20.68,0
49,0.8,3,1.77,0
1,9.39,5,1752.33,1
23,15.97,7,65.2,1
41,19.28,5,8.83,1
79,1.03,7,30.04,0
19,0.03,5,531.1,0
65,16.02,5,18.06,1
83,3.19,7,4792.07,0
68,15.63,7,761.41,1
22,3.29,5,39.92,0
65,0.89,3,4651.54,0
73,0.68,3,174.1,0
8,17.88,7,48.39,1
85,14.21,7,11.31,1
98,0.01,5,50.8,0
88,18.3,5,609.69,1
45,0.62,7,509.32,0
54,14.68,5,2186.11,1
28,6.6,3,42.77,0
23,5.25,3,3657.75,0
26,2.79,3,904.34,0
50,11.93,7,14.3,1
53,0.56,3,570.06,0
77,11.56,5,689.53,0
61,2.76,7,3220.91,0
8,2.14,5,835.52,1
65,0.98,7,4629.63,0
67,9.46,3,59.99,0
10,0.71,5,4958.98,0
88,0.23,7,830.31,0
54,16.42,3,4028.99,0
4,0.44,7,452.3,0
68,1.32,3,318.33,0
92,0.98,5,59.23,0
68,0.8,3,64.06,0
8,0.45,5,44.49,0
12,17.63,3,89.39,1
61,10.58,3,407.3,0
28,15.38,5,74.34,1
99,4.51,3,18.78,0
51,5.44,3,249.19,0
72,3.79,3,27.9,0
4,8.17,5,3841.79,1
33,0.7,5,92.3,0
71,13.63,7,31.93,1
87,0.98,3,5.79,0
87,13.95,5,5.74,0
66,1.74,3,483.78,0
82,9.14,3,1510.87,0
8,4.99,3,5.05,1
4,7.8,5,862.88,1
6,5.87,3,438.48,1
28,6.77,5,369.37,1
88,6.59,5,1474.27,0
55,0.31,7,31.69,0
22,18.41,5,48.07,1
58,15.39,7,70.95,1
100,0.07,3,1262.54,0
83,1.65,7,63.46,0
13,13.05,7,665.53,1
90,0.23,7,656.44,0
21,0.5,7,346.38,0
18,11.96,5,92.49,1
59,2.29,7,51.1,0
45,17.23,7,69.39,1
39,0.16,5,109.62,0
47,18.55,7,95.94,1
87,13.87,5,222.38,0
0,0.03,7,27.6,1
69,4.57,3,298.34,0
90,1.84,5,7.67,0
20,12.96,7,3.86,1
1,11.62,7,85.17,1
90,18.64,7,90.55,1
26,16.37,3,60.54,1
81,0.55,7,478.7,0
95,3.66,3,1639.09,0
14,3.32,5,70.9,1
82,11.4,7,13.08,0
12,10.5,3,1838.16,1
54,11.58,5,24.8,1
78,1.78,7,78.69,0
49,12.4,3,800.51,0
85,1.49,7,79.43,0
32,0.19,3,1398.59,0
19,17.39,7,74.52,1
94,8.56,3,3920.27,0
13,18.37,5,10.07,1
53,16.62,7,499.83,1
56,0.88,7,131.68,0
64,19.45,7,42.61,1
69,0.46,5,12.79,0
94,16.05,7,35.48,1
12,8.83,3,552.37,1
52,11.78,3,643.01,0
21,18.7,3,279.22,1
26,0.47,3,63.56,0
29,12.51,7,382.48,1
12,0.48,3,218.16,0
22,10.51,7,503.32,1
1,19.65,7,4172.97,1
33,11.99,7,373.72,1
3,0.85,7,11.86,1
89,6.65,5,2176.98,0
0,0.8,3,24.68,1
35,10.56,3,734.42,0
2,15.52,5,3385.8,1
98,0.8,7,2439.17,0
78,13.61,5,29.12,0
49,8.17,5,654.38,0
40,16.95,7,97.03,1
69,14.99,5,4117.84,1
78,5.63,7,612.26,0
68,4.66,5,394.52,0
81,17.83,7,20.94,1
63,5.17,7,433.06,0
11,4.88,7,99.07,1
18,6.09,7,13.41,1
64,13.16,3,477.16,0
0,0.18,7,63.57,1
79,0.01,3,760.2,0
38,12.24,3,3811.4,0
21,10.53,5,759.19,1
50,0.1,5,1398.82,0
98,0.77,7,206.64,0
2,11.74,7,672.01,1
0,4.9,3,2706.93,1
73,0.63,7,19.39,0
50,16.29,5,2762.67,1
2,0.84,7,2211.7,1
70,9.2,7,1160.28,0
23,9.77,5,99.06,1
4,8.44,3,77.04,1
36,9.32,3,51.26,0
50,19.48,7,2777.87,1
39,15.74,3,70.41,1
36,0.75,5,86.5,0
55,0.61,3,539.84,0
20,0.13,5,233.41,0
79,8.28,5,30.28,0
93,0.08,7,544.32,0
2,4.0,5,479.14,1
25,14.47,5,3.79,1
79,6.45,5,57.24,0
66,0.96,5,23.53,0
16,11.37,7,206.47,1
18,0.9,3,698.17,0
12,5.08,3,4498.59,1
94,10.07,7,969.98,0
55,1.63,5,356.94,0
95,0.53,3,62.3,0
2,14.26,3,3834.25,1
95,0.42,3,2416.38,0
19,13.99,5,451.27,1
27,2.42,7,30.18,0
54,9.24,7,2467.05,1
7,19.14,5,434.96,1
26,3.44,7,4904.79,0
60,0.12,5,2512.95,0
29,12.82,5,367.71,1
37,0.35,5,4905.32,0
11,11.65,5,548.49,1
87,13.72,3,334.17,0
36,0.15,7,4636.91,0
35,1.3,7,482.13,0
27,13.56,5,106.19,1
37,11.19,7,88.91,1
98,15.31,7,47.37,1
65,0.27,3,118.24,0
9,12.16,7,1815.57,1
79,18.27,7,32.32,1
26,8.54,3,2663.33,0
12,0.81,7,4390.0,0
17,16.11,5,351.04,1
68,11.57,5,886.1,0
54,4.34,3,55.0,0
80,9.8,5,3.26,0
71,3.71,5,60.33,0
84,8.54,7,2057.51,0
1,19.33,5,23.44,1
4,0.23,3,2114.58,0
13,4.24,3,847.24,0
66,3.81,3,11.53,0
19,0.38,7,385.72,0
79,11.59,7,453.33,1
28,4.28,5,258.58,0
72,6.79,7,98.83,0
13,10.3,5,3256.04,1
66,0.65,7,82.89,0
75,0.69,7,37.48,0
49,4.26,7,4.72,0
62,1.72,7,789.51,0
58,0.96,3,417.49,0
91,15.27,7,68.99,1
86,1.25,7,59.73,0
80,0.04,3,76.44,0
45,14.07,7,12.8,1
24,6.61,5,97.29,1
44,0.97,7,53.85,0
71,15.65,3,406.86,0
4,0.31,5,715.7,0
31,0.7,5,2703.43,0
58,18.45,7,988.1,1
60,18.91,5,401.04,1
61,0.28,3,2466.1,0
24,0.6,3,39.02,0
98,4.42,3,70.15,0
6,0.83,3,3703.17,0
65,6.7,7,502.84,0
83,4.92,7,182.32,0
55,0.25,7,22.07,0
9,18.87,3,30.64,1
72,0.96,5,79.72,0
16,11.04,7,518.52,1
95,17.21,5,3119.0,0
12,0.7,7,3959.57,0
31,0.41,5,9.75,0
11,7.08,5,166.21,1
92,6.87,3,5.87,0
71,0.96,3,72.97,0
21,15.48,3,274.12,1
96,8.15,3,59.26,0
20,11.09,3,29.14,1
11,9.74,3,2.17,1
65,16.91,7,1241.6,1
88,10.45,3,71.03,0
32,0.21,7,99.96,0
66,0.91,5,791.1,0
100,13.53,3,4064.44,0
55,14.27,5,27.46,1
98,0.84,7,43.74,0
95,16.71,7,899.57,1
48,6.43,5,2796.8,0
28,12.91,7,209.06,1
37,0.78,7,2745.38,0
76,0.82,7,896.93,0
59,10.41,7,414.62,1
6,0.58,7,413.4,0
69,6.53,7,2552.46,0
24,11.41,7,39.45,1
15,0.85,7,2608.37,0
82,1.01,3,87.01,0
21,1.2,5,14.69,0
81,8.58,5,498.86,0
6,15.08,3,585.0,1
90,2.77,7,1978.38,0
35,9.75,3,19.29,0
56,17.47,3,270.29,0
12,0.52,7,625.93,0
81,19.64,7,78.67,1
47,19.2,5,3260.2,1
38,8.53,3,120.41,0
46,1.83,3,46.49,0
69,3.06,3,4521.71,0
38,4.24,7,7.74,0
14,16.68,7,4217.88,1
17,15.55,7,93.99,1
49,0.79,3,462.02,0
79,16.26,5,28.34,1
9,15.24,5,685.13,1
6,0.36,5,53.64,0
83,11.18,5,414.79,0
81,19.35,3,1382.89,0
17,0.37,7,2767.08,0
7,0.15,7,2654.45,0
70,19.41,5,685.92,1
33,10.0,5,2380.02,1
58,0.22,5,95.99,0
57,9.85,5,2793.79,0
0,17.68,5,2821.54,1
33,0.89,7,99.6,0
13,9.01,3,28.95,1
11,0.19,5,45.29,0
37,0.25,3,65.93,0
13,0.94,3,2970.6,0
1,11.54,3,3751.98,1
64,8.54,5,80.96,0
66,0.47,7,84.05,0
37,5.27,5,14.7,0
26,13.54,3,346.73,1
7,4.44,5,319.49,1
7,17.48,5,2497.23,1
84,18.78,3,33.13,0
46,12.76,3,731.49,0
61,0.1,3,439.03,0
88,0.3,3,715.32,0
19,14.22,7,3688.55,1
74,0.65,7,56.48,0
92,15.93,7,99.13,1
23,6.64,3,2702.08,0
38,16.73,3,540.52,1
27,0.59,7,1.07,0
21,0.71,3,349.25,0
77,6.16,7,763.59,0
51,7.58,7,334.03,1
33,18.17,3,454.87,1
13,15.85,3,2071.11,1
41,13.53,5,130.65,1
72,3.17,7,908.55,0
69,7.31,7,615.84,0
94,3.54,5,1.1,0
32,0.43,3,2473.52,0
84,0.5,7,939.82,0
49,0.57,5,892.56,0
20,0.25,5,1549.07,0
92,16.91,3,1085.56,0
37,8.71,3,7.66,0
74,14.91,3,636.54,0
84,8.1,3,111.16,0
29,8.42,3,54.08,0
68,0.2,5,54.28,0
40,0.14,5,73.01,0
96,8.72,3,742.53,0
55,0.42,7,9.24,0
22,0.87,7,4977.44,0
84,9.62,3,3386.09,0
46,0.08,5,45.71,0
69,0.59,5,191.15,0
56,0.59,7,25.36,0
36,1.87,3,41.32,0
42,6.48,5,863.7,0
47,13.65,5,692.16,1
32,0.78,3,2890.97,0
82,1.68,5,634.68,0
13,0.02,5,10.83,0
21,15.89,7,30.15,1
76,0.31,5,793.78,0
39,10.44,3,27.31,0
70,16.42,5,7.43,1
64,0.71,5,585.87,0
12,18.25,5,565.81,1
98,15.74,3,82.96,0
54,9.94,5,2104.71,0
38,5.3,3,4257.78,0
55,0.37,3,271.46,0
35,0.23,7,13.05,0
24,0.21,5,44.25,0
66,0.0,5,84.76,0
3,19.95,5,2264.57,1
87,14.24,3,405.99,0
60,0.84,3,976.49,0
61,9.98,7,619.25,1
42,11.35,5,87.22,1
91,14.24,5,2250.8,0
87,5.88,7,537.68,0
54,0.61,3,83.29,0
22,3.21,5,47.05,0
88,0.64,3,4129.4,0
33,10.33,5,2704.61,1
3,12.19,5,1778.33,1
63,8.48,7,21.85,0
17,13.47,3,224.15,1
73,0.82,7,44.29,0
51,2.06,5,90.23,0
80,8.89,3,51.65,0
48,18.58,7,3239.38,1
71,6.75,7,871.84,0
62,0.06,3,55.22,0
7,6.93,7,439.36,1
82,13.7,5,97.86,0
72,8.92,7,94.0,0
48,4.49,7,128.0,0
93,0.56,3,776.23,0
7,3.43,5,153.4,1
22,8.52,7,202.4,1
6,19.91,5,76.61,1
55,4.54,3,45.4,0
70,0.28,3,2633.07,0
77,1.08,5,1910.11,0
61,9.75,3,203.07,0
44,0.28,5,933.72,0
11,1.63,5,43.96,0
83,15.38,7,710.95,1
100,18.52,5,1.11,0
29,13.44,7,495.21,1
15,8.19,5,72.9,1
56,10.16,5,4.26,0
30,3.15,3,521.06,0
57,0.11,3,859.88,0
97,0.67,5,94.89,0
90,16.6,3,298.51,0
11,13.49,7,11.19,1
7,3.65,3,3034.37,1
55,17.87,5,45.82,1
37,0.51,5,1321.78,0
18,0.46,7,1404.5,0
7,17.73,7,407.82,1
69,8.57,3,67.46,0
18,1.35,5,24.72,0
74,0.43,3,3313.86,0
34,11.9,3,9.46,1
64,18.65,7,862.73,1
68,9.71,7,97.88,0
97,0.65,7,945.49,0
67,6.43,3,707.34,0
26,0.01,3,70.97,0
45,0.93,5,4037.78,0
57,15.28,3,57.65,0
11,9.19,5,154.15,1
36,5.61,7,4976.19,1
85,17.81,3,2824.17,0
91,0.68,5,538.63,0
99,0.12,7,3993.43,0
50,0.76,3,920.02,0
89,16.29,7,862.88,1
6,0.56,7,1318.15,0
31,0.96,5,112.62,0
17,18.38,5,34.4,1
14,0.44,7,495.94,0
37,0.16,3,834.92,0
8,0.81,3,869.01,0
39,0.62,5,3052.44,0
96,14.35,5,1648.49,0
13,1.02,3,2612.49,0
70,19.53,7,37.43,1
86,11.36,3,3505.96,0
87,19.75,7,4136.65,1
73,10.56,5,121.25,0
47,12.33,3,22.79,0
7,0.47,3,1427.47,0
43,13.49,5,55.57,1
62,19.91,3,746.77,0
42,0.03,3,97.14,0
87,14.18,5,2273.61,0
45,3.63,3,1240.13,0
32,9.84,7,80.2,1
62,0.12,7,568.86,0
89,0.41,7,2728.16,0
71,0.78,5,666.15,0
18,0.35,7,46.89,0
77,5.67,3,1228.93,0
73,11.98,3,74.46,0
3,13.64,5,632.54,1
8,19.06,7,869.13,1
40,16.77,5,986.2,1
99,2.25,5,981.78,0
0,8.33,7,75.33,1
43,0.65,7,252.39,0
54,8.72,5,91.62,0
27,19.21,3,985.21,1
77,4.26,5,264.53,0
27,0.96,7,4.53,0
24,16.7,5,824.09,1
2,16.92,5,503.85,1
21,0.62,5,422.24,0
81,5.14,5,709.22,0
78,15.78,7,827.52,1
55,18.6,5,91.45,1
48,2.95,3,734.32,0
57,1.01,7,4805.57,0
100,19.99,7,258.78,1
49,11.33,7,4062.06,1
82,6.9,7,88.43,0
67,12.84,3,97.28,0
29,18.34,7,785.55,1
70,9.4,7,60.48,0
77,13.99,7,800.07,1
61,6.74,3,54.71,0
16,3.04,3,1199.58,0
92,0.27,3,6.36,0
61,0.95,3,892.71,0
51,0.8,3,38.63,0
52,0.99,3,3636.33,0
64,15.86,3,4.07,0
100,0.59,7,3957.17,0
51,9.39,7,27.07,1
17,2.95,3,36.28,0
50,0.09,7,4770.27,0
5,7.35,7,71.05,1
93,11.66,5,4994.87,0
47,0.29,3,2290.53,0
61,4.8,5,61.32,0
88,8.98,5,54.44,0
98,1.52,7,1969.59,0
56,5.14,7,4363.5,0
10,17.24,7,3855.76,1
55,13.9,5,6.44,1
26,11.57,5,818.35,1
47,0.62,7,4522.63,0
95,17.41,3,28.07,0
26,6.26,3,93.44,0
68,19.42,7,164.41,1
84,0.6,3,726.76,0
31,7.87,7,91.55,1
9,5.27,3,653.88,1
8,14.69,5,22.33,1
13,14.06,7,38.1,1
5,11.66,3,253.09,1
61,0.09,7,86.44,0
76,2.31,3,1736.88,0
18,15.5,5,62.31,1
39,3.59,5,797.36,0
65,17.44,3,53.93,0
91,0.56,7,4862.66,0
27,1.98,3,1263.22,0
65,14.92,7,3860.75,1
76,0.38,7,3.75,0
38,8.6,3,20.77,0
43,1.16,5,52.01,0
45,14.8,7,508.75,1
47,19.07,3,31.15,1
18,18.81,3,1960.85,1
16,15.62,7,35.23,1
50,14.64,5,3593.01,1
96,0.3,3,66.39,0
73,7.89,3,258.51,0
56,19.99,3,21.55,1
79,17.46,7,52.97,1
2,11.37,5,107.07,1
37,0.11,7,28.63,0
63,0.81,5,271.43,0
96,16.25,3,4129.37,0
9,0.49,5,3361.59,0
37,5.23,7,85.19,0
70,6.16,5,1885.73,0
96,0.8,3,99.66,0
89,6.46,7,3094.5,0
23,0.39,7,103.49,0
14,2.28,5,50.6,0
53,10.26,5,344.98,0
46,10.99,3,1573.37,0
69,6.61,5,780.87,0
75,13.49,5,133.95,0
56,12.27,5,1126.86,1
93,0.73,5,1413.38,0
43,4.26,5,295.25,0
16,18.16,5,46.57,1
61,0.56,5,587.72,0
76,15.04,3,650.52,0
65,12.08,5,1298.18,0
81,10.66,7,674.31,0
73,11.76,5,86.16,0
17,0.91,7,305.8,0
16,0.29,3,600.27,0
51,0.04,5,81.83,0
84,17.15,7,346.75,1
54,12.63,3,1791.98,0
21,0.46,5,135.23,0
71,15.02,7,3391.72,1
79,12.53,3,690.63,0
85,10.51,5,179.46,0
86,6.45,5,2205.74,0
47,4.48,7,4363.61,0
74,12.31,3,17.53,0
95,15.95,5,1874.04,0
82,0.36,5,1366.91,0
56,0.21,3,42.04,0
90,0.34,7,82.7,0
20,11.12,5,83.23,1
57,8.56,3,61.76,0
65,18.61,7,2754.1,1
70,0.52,5,83.3,0
48,0.68,7,3658.97,0
95,2.85,3,30.51,0
59,12.77,3,95.7,0
96,0.77,7,88.96,0
2,0.54,5,4560.55,1
13,8.34,7,1172.43,1
94,8.62,5,48.72,0
6,0.88,3,1160.89,0
7,15.12,5,83.19,1
72,13.74,3,50.75,0
63,3.53,7,461.81,0
26,19.23,7,170.57,1
42,0.54,5,1020.3,0
10,0.14,3,2857.54,0
50,13.06,5,987.07,1
28,1.17,7,395.48,0
31,1.53,3,63.1,0
94,0.51,5,1156.84,0
0,15.48,5,776.22,1
71,0.09,7,1.25,0
78,12.99,7,1667.46,1
64,0.07,3,3299.7,0
55,9.38,3,4706.38,0
54,10.1,3,903.87,0
21,0.34,5,456.19,0
60,0.31,5,18.27,0
58,9.43,7,89.77,1
71,0.27,7,239.94,0
97,0.37,5,72.83,0
18,7.54,3,4704.83,1
97,0.57,5,527.62,0
66,9.62,3,44.07,0
56,5.56,3,370.94,0
24,18.07,5,82.96,1
55,17.58,5,607.64,1
12,12.79,3,30.97,1
38,0.03,7,610.8,0
98,0.94,5,88.13,0
21,19.63,7,1854.77,1
79,14.75,7,919.36,1
95,5.42,7,4616.1,0
72,1.01,3,31.48,0
90,4.63,3,80.15,0
89,0.87,5,22.96,0
69,11.19,3,4523.77,0
97,5.06,5,694.16,0
48,14.85,5,718.83,1
25,0.97,5,2.01,0
71,6.35,3,648.35,0
25,1.82,7,8.73,0
71,0.63,5,434.27,0
86,4.66,3,268.28,0
61,9.8,3,681.82,0
28,14.03,5,932.88,1
85,6.37,3,3161.5,0
29,0.36,5,103.3,0
62,9.62,3,2456.56,0
92,0.96,5,2889.57,0
59,0.69,7,676.01,0
35,13.57,5,3997.41,1
8,0.18,7,266.32,0
96,0.26,7,1888.2,0
38,13.71,3,2826.04,1
61,13.48,7,620.76,1
10,4.84,3,76.05,1
97,18.47,3,2761.63,0
58,9.72,3,769.95,0
23,0.32,3,57.36,0
13,18.29,7,2787.89,1
8,11.49,3,941.67,1
50,3.69,7,679.73,0
67,15.7,3,1682.85,0
83,0.23,7,29.12,0
2,0.71,3,238.69,1
95,13.79,3,3895.33,0
57,19.04,3,566.69,1
84,19.85,5,4535.39,1
2,3.44,5,2444.98,1
7,4.09,3,98.4,1
0,0.36,5,113.01,1
51,0.56,5,4289.1,0
93,9.56,7,1572.61,0
50,7.5,5,654.27,0
92,9.55,3,72.6,0
54,0.01,7,1706.36,0
36,8.13,7,11.17,1
92,0.56,5,66.77,0
15,0.85,3,40.67,0
41,0.47,5,4419.99,0
82,3.87,3,96.5,0
12,1.84,3,46.62,0
95,0.38,3,80.35,0
98,5.38,7,497.94,0
5,10.47,5,3649.81,1
64,1.81,3,2826.78,0
2,0.45,7,4224.56,1
28,16.87,3,876.8,1
55,0.55,5,584.29,0
32,2.18,7,78.05,0
59,7.34,7,455.7,0
93,10.8,3,1126.97,0
18,0.08,3,217.0,0
52,0.99,5,166.56,0
43,13.5,5,332.33,1
7,0.19,3,724.66,0
36,6.79,3,65.65,0
88,6.67,7,320.27,0
63,18.58,7,17.37,1
12,2.51,5,57.02,1
64,13.38,5,69.95,1
58,2.29,5,2434.3,0
97,12.27,7,988.29,0
18,0.46,3,82.42,0
87,13.78,7,27.64,1
31,0.42,5,46.13,0
33,0.95,7,58.97,0
15,5.41,3,1820.82,1
4,10.3,5,6.34,1
39,0.5,3,2768.68,0
35,0.99,3,31.77,0
75,14.18,5,2.79,0
17,11.91,3,2896.35,1
19,3.02,7,3798.7,1
12,0.75,5,72.76,0
37,6.64,7,54.06,1
53,0.61,7,78.39,0
59,13.13,7,52.29,1
70,0.54,7,2347.84,0
47,18.85,5,33.22,1
92,4.57,5,591.42,0
41,2.58,5,127.58,0
86,13.54,3,2450.53,0
11,0.65,5,66.4,0
55,0.95,3,76.97,0
29,4.08,7,13.69,0
11,0.92,3,1949.6,0
55,6.57,5,631.89,0
96,3.22,7,1818.6,0
8,16.07,5,19.08,1
42,13.05,3,220.91,0
35,13.51,3,41.1,1
4,15.11,5,211.87,1
34,9.29,5,720.02,1
40,0.78,3,3757.27,0
59,0.26,5,13.69,0
56,11.6,7,553.87,1
71,6.52,3,19.54,0
27,11.36,3,234.91,1
27,10.25,5,2834.96,1
90,0.68,5,49.84,0
33,14.6,3,88.75,1
32,19.69,3,79.62,1
45,5.49,7,66.29,0
69,3.4,7,3566.93,0
68,8.66,5,502.92,0
86,15.51,5,3231.43,0
79,1.4,3,53.19,0
11,3.17,3,14.66,0
34,13.37,3,2203.84,1
95,6.7,3,32.15,0
10,12.14,5,4047.7,1
31,17.5,3,4210.76,1
75,0.96,5,995.34,0
11,17.26,5,1830.03,1
85,0.99,3,65.12,0
78,3.9,7,3807.55,0
12,7.76,3,65.6,1
63,5.4,5,73.26,0
59,2.2,3,44.79,0
52,0.11,3,204.08,0
79,0.73,5,409.58,0
61,2.0,3,260.49,0
7,8.26,3,30.55,1
35,3.46,7,83.28,0
14,4.84,7,3209.23,1
49,0.26,5,34.63,0
4,0.51,3,459.76,0
66,7.25,3,4583.28,0
98,12.04,3,3281.08,0
72,0.54,7,17.82,0
71,15.6,3,1588.53,0
17,15.2,3,926.1,1
95,17.92,5,99.87,0
97,17.06,3,877.47,0
81,0.33,5,15.78,0
9,15.7,5,421.68,1
1,0.32,5,199.84,1
68,0.39,7,130.31,0
60,12.03,5,3808.7,1
0,3.66,7,3.74,1
25,14.98,5,467.02,1
19,0.59,5,203.36,0
86,2.87,5,78.27,0
84,17.89,3,253.37,0
30,9.1,5,1223.36,1
6,0.43,7,67.59,0
46,0.21,5,88.31,0
66,13.99,5,411.24,1
24,0.88,7,10.33,0
19,3.31,5,884.26,0
97,0.49,7,395.47,0
6,0.69,5,16.41,0
14,0.77,5,60.8,0
13,0.37,5,531.63,0
81,1.27,3,3787.22,0
21,0.25,7,2475.48,0
64,10.08,3,182.05,0
7,4.38,5,76.63,1
20,0.95,5,8.0,0
46,12.45,3,147.36,0
2,16.1,5,713.96,1
68,8.92,3,57.78,0
95,6.59,3,883.84,0
31,0.46,7,66.6,0
44,5.75,5,424.07,0
48,0.63,5,2712.32,0
54,8.06,7,3073.86,1
69,5.6,3,51.52,0
65,10.8,7,86.5,1
98,18.07,3,58.36,0
1,0.47,5,3698.06,1
96,0.88,5,74.57,0
44,0.26,5,59.06,0
40,0.54,5,547.82,0
38,2.29,5,35.83,0
75,1.34,5,1105.15,0
57,6.98,3,3485.32,0
54,4.75,3,6.8,0
90,14.29,5,500.17,0
19,2.91,5,30.9,0
55,8.78,7,2904.16,1
50,7.7,5,65.21,0
23,17.17,3,2591.88,1
65,0.81,3,263.57,0
1,0.9,5,668.38,1
100,18.61,3,28.51,0
7,8.19,3,55.08,1
77,0.23,5,53.64,0
6,15.03,3,15.58,1
96,8.35,5,131.53,0
60,7.47,3,1350.66,0
27,3.15,5,1437.99,0
12,4.2,3,317.64,1
23,5.16,7,914.46,1
23,8.84,7,861.28,1
60,19.91,7,906.5,1
99,12.74,3,63.63,0
31,0.67,3,97.54,0
59,0.74,7,2092.02,0
33,0.41,3,231.1,0
88,0.66,5,2254.73,0
59,1.98,7,2446.16,0
42,19.97,7,2510.75,1
100,2.58,7,49.24,0
55,3.68,7,110.98,0
8,11.96,7,29.93,1
70,1.49,5,3658.09,0
17,0.57,7,618.4,0
91,0.34,3,66.04,0
11,1.59,7,4713.62,1
27,5.18,3,2069.32,0
25,16.4,3,79.54,1
78,18.61,3,3622.38,0
14,13.46,3,32.42,1
54,11.01,3,41.09,0
7,17.16,7,226.84,1
41,18.74,7,54.27,1
84,13.51,5,4755.16,0
55,13.85,3,731.89,0
90,10.2,5,49.82,0
19,0.9,5,4677.96,0
63,0.29,5,93.72,0
44,18.2,7,902.51,1
96,15.74,5,2470.82,0
9,18.61,5,2735.45,1
64,13.61,7,150.2,1
82,0.03,3,742.65,0
64,6.01,7,263.41,0
72,14.78,3,2060.54,0
85,5.15,7,1115.27,0
36,16.51,5,2753.83,1
57,15.57,3,2098.31,0
8,4.23,3,2028.98,1
100,14.88,3,9.0,0
78,11.59,3,780.32,0
19,14.36,3,2158.16,1
37,14.78,7,1069.6,1
61,9.55,3,4832.9,0
72,16.1,5,171.52,1
19,0.8,3,927.21,0
60,3.0,7,2840.5,0
34,0.13,7,806.39,0
89,0.32,5,3.35,0
55,9.07,7,25.38,1
67,14.44,7,615.12,1
51,0.55,5,4035.89,0
23,13.99,5,15.57,1
83,11.97,5,75.28,0
41,2.08,7,24.78,0
11,0.58,3,43.0,0
93,12.04,7,382.87,0
3,6.95,3,483.64,1
68,0.82,5,89.4,0
7,9.69,5,55.07,1
74,19.98,7,246.87,1
79,13.05,3,76.4,0
6,0.95,3,83.98,0
27,14.77,3,1110.92,1
35,12.58,5,1193.68,1
90,0.03,7,1108.93,0
28,0.37,5,576.72,0
60,12.63,3,996.73,0
18,3.11,5,4559.28,0
67,0.8,7,3137.0,0
80,0.23,5,84.45,0
71,0.27,3,762.6,0
13,5.96,5,7.16,1
88,0.12,7,3394.51,0
26,18.98,5,606.46,1
26,4.11,7,1237.84,1
4,0.93,3,749.66,0
86,10.4,5,88.46,0
77,8.57,7,902.98,0
49,14.51,3,362.82,0
81,13.46,7,4340.56,1
68,1.92,3,48.35,0
19,19.6,3,3811.11,1
93,0.45,5,3524.95,0
98,0.07,7,4691.58,0
0,13.67,3,258.98,1
14,5.76,3,102.07,1
63,0.29,7,218.24,0
42,0.96,5,3286.09,0
51,18.46,3,4415.44,1
16,17.85,7,1677.69,1
72,3.72,3,916.68,0
23,0.56,3,37.95,0
93,0.59,5,1079.73,0
32,0.33,5,965.52,0
99,6.07,5,975.2,0
38,0.97,3,547.51,0
25,0.43,5,71.57,0
57,10.19,7,96.53,1
71,8.9,3,3362.97,0
69,0.76,5,4505.53,0
15,15.15,5,279.63,1
10,15.84,3,1911.41,1
45,9.54,7,55.42,1
67,0.8,3,245.25,0
51,16.25,7,2221.6,1
71,15.9,5,75.74,1
91,14.65,3,3555.74,0
34,19.14,7,56.01,1
25,18.6,7,209.77,1
45,19.94,7,76.61,1
90,6.15,7,14.04,0
77,13.09,3,64.14,0
68,0.07,3,77.66,0
54,5.77,5,77.74,0
60,0.19,3,819.82,0
44,10.84,5,47.17,1
85,0.89,5,87.61,0
89,1.8,5,567.24,0
36,1.03,7,239.12,0
98,16.78,3,18.68,0
33,11.83,3,54.3,1
3,14.5,7,803.14,1
23,16.01,7,62.4,1
34,19.28,5,37.55,1
23,16.14,7,83.35,1
90,3.66,5,77.01,0
62,0.24,3,584.1,0
59,11.82,3,4616.8,0
49,18.96,5,4901.0,1
27,12.2,7,186.72,1
1,5.56,3,967.1,1
6,4.09,7,64.06,1
62,15.15,7,4109.31,1
27,4.56,5,460.23,0
34,1.09,5,1710.07,0
77,17.18,3,176.9,0
65,2.71,3,3469.62,0
61,0.09,5,616.54,0
23,11.59,5,2374.09,1
54,16.88,3,594.12,0
92,10.22,3,97.67,0
76,15.45,7,2653.02,1
5,7.61,5,771.99,1
96,5.25,7,650.51,0
20,0.18,7,81.14,0
64,13.07,5,3115.16,1
79,11.23,3,918.3,0
67,0.89,5,441.67,0
26,0.06,3,3813.51,0
23,8.65,5,24.75,1
45,8.6,7,63.25,1
31,6.4,3,1765.68,0
66,0.94,7,3.48,0
44,14.54,7,18.93,1
55,5.72,3,17.51,0
32,7.61,5,1803.17,1
47,1.88,5,1402.92,0
86,6.75,7,19.48,0
41,0.88,5,3272.72,0
44,10.61,3,391.51,0
93,0.7,3,172.06,0
72,18.25,3,74.42,0
21,0.59,5,52.88,0
59,5.57,7,97.93,0
83,0.47,3,2916.1,0
99,9.92,7,196.14,0
1,15.19,5,78.04,1
31,0.81,7,4171.89,0
35,0.1,5,185.96,0
5,18.47,3,227.86,1
52,4.38,5,30.86,0
30,15.86,7,470.92,1
70,0.42,7,3377.07,0
80,13.74,3,1929.6,0
42,19.68,5,12.81,1
81,5.22,3,1988.4,0
10,14.93,3,2146.22,1
16,2.45,3,76.75,0
2,14.25,5,958.82,1
54,0.64,5,18.07,0
44,0.1,5,810.27,0
7,16.22,3,477.26,1
66,6.37,3,775.94,0
73,19.71,7,87.75,1
34,11.6,7,24.96,1
55,13.41,3,861.6,0
61,11.5,7,1058.92,1
80,11.86,7,3837.29,1
33,3.39,7,822.58,0
41,7.04,7,4128.39,1
66,18.39,5,86.95,1
0,14.27,7,2392.97,1
68,18.76,5,10.05,1
50,1.08,5,615.84,0
78,4.47,3,3028.16,0
65,0.29,7,390.96,0
52,0.08,7,745.33,0
12,0.86,5,3367.42,0
2,0.07,5,453.96,0
16,14.86,7,437.13,1
52,16.55,3,824.93,0
99,5.38,7,48.97,0
54,7.24,7,57.95,0
66,0.61,7,4304.26,0
76,8.68,5,95.49,0
75,8.61,3,4062.41,0
61,15.96,5,257.49,1
9,0.47,5,4.07,0
98,0.72,7,62.94,0
28,6.49,7,3.97,1
47,0.09,3,3504.24,0
93,3.62,7,146.69,0
92,9.98,7,46.25,0
22,16.93,7,23.51,1
76,14.26,5,520.39,0
95,17.76,3,74.46,0
69,0.24,3,41.13,0
27,0.05,7,653.44,0
49,12.31,5,277.27,1
47,19.56,7,648.15,1
78,8.86,5,1369.57,0
50,17.67,7,2569.55,1
81,0.55,5,93.02,0
92,0.92,5,2120.17,0
85,16.72,5,98.28,0
5,14.92,7,83.28,1
31,11.25,5,26.46,1
53,18.82,3,828.66,1
55,0.7,3,1952.63,0
33,12.54,5,144.11,1
57,11.1,5,4.05,0
31,0.6,5,4814.42,0
38,5.27,7,10.55,0
62,9.93,3,818.72,0
97,3.03,7,88.49,0
60,0.6,7,225.33,0
35,0.96,5,63.31,0
51,18.46,3,64.24,1
20,3.33,3,1925.38,0
36,4.6,5,658.45,0
15,0.47,7,2565.35,0
84,0.54,5,365.34,0
54,19.76,7,82.9,1
58,1.17,3,21.48,0
68,0.85,5,317.02,0
14,1.48,5,32.8,0
72,0.01,3,1607.87,0
53,0.1,5,126.74,0
18,17.47,5,3217.0,1
38,0.04,5,64.16,0
96,1.39,5,43.32,0
78,0.9,3,917.22,0
22,17.73,7,18.23,1
94,0.04,3,404.1,0
77,7.64,7,1461.95,0
75,6.63,5,280.67,0
63,4.97,7,455.0,0
9,0.57,3,70.07,0
76,2.67,3,4135.54,0
42,0.57,7,4492.16,0
16,0.77,7,530.77,0
42,0.24,5,8.41,0
70,1.03,7,16.39,0
79,0.84,3,3834.25,0
43,4.98,7,273.73,0
38,6.54,7,3.66,1
16,13.92,7,295.47,1
31,18.24,5,4371.7,1
86,15.36,3,4963.95,0
68,0.69,7,2416.93,0
88,8.86,7,78.98,0
73,13.54,3,1718.0,0
29,9.37,7,53.97,1
7,13.53,5,17.32,1
99,11.18,5,1441.81,0
36,8.35,5,1852.53,1
57,9.03,7,504.68,1
17,5.56,5,186.86,1
22,6.2,3,2290.48,0
51,10.19,7,4181.38,1
76,1.3,3,61.38,0
0,14.98,3,3112.04,1
68,15.22,7,271.83,1
61,3.7,3,2905.84,0
83,16.39,3,3253.65,0
90,0.43,7,3330.41,0
84,18.03,5,81.91,1
98,5.06,7,53.1,0
9,3.4,7,3305.5,1
86,1.85,5,630.36,0
86,5.53,5,653.58,0
64,7.94,7,56.41,0
74,17.95,3,87.15,0
79,0.71,7,27.98,0
96,9.42,7,1462.15,0
72,2.91,7,76.05,0
74,1.0,3,236.36,0
92,4.94,5,1353.04,0
5,11.31,3,4944.44,1
94,0.47,7,2132.03,0
71,0.23,7,39.99,0
99,4.3,3,284.78,0
98,11.25,3,5.48,0
3,17.28,5,20.86,1
47,14.69,3,157.57,0
30,4.17,3,58.7,0
4,9.17,3,698.14,1
51,3.86,3,847.36,0
43,7.74,5,35.51,0
68,13.82,7,730.48,1
42,0.03,7,19.69,0
55,6.82,7,54.45,0
9,10.6,7,98.24,1
79,2.38,7,248.27,0
91,11.68,7,4273.0,0
3,14.54,3,701.93,1
4,10.11,5,4462.89,1
72,7.41,7,4172.14,0
70,0.79,3,42.06,0
3,14.21,3,539.42,1
34,9.72,7,45.07,1
80,11.87,5,44.78,0
34,7.2,3,3495.88,0
43,11.09,3,62.82,0
78,18.9,7,195.92,1
14,11.79,5,97.34,1
48,0.56,3,332.91,0
79,13.8,5,629.7,0
71,3.38,3,3608.6,0
0,0.34,7,593.84,1
40,16.52,5,64.47,1
20,0.15,3,3649.86,0
23,2.71,7,25.47,0
73,15.82,3,91.26,0
100,1.2,7,67.54,0
1,15.04,5,50.74,1
95,0.53,5,584.67,0
2,3.83,3,150.05,1
83,3.01,5,2463.58,0
70,7.35,3,7.52,0
61,15.71,5,1679.17,1
78,15.83,3,552.13,0
25,0.56,5,597.56,0
99,0.36,7,2285.47,0
50,11.84,5,72.93,1
36,0.6,5,3423.85,0
2,0.9,5,499.61,1
90,8.11,7,54.62,0
45,0.62,5,4851.72,0
64,1.75,5,946.26,0
35,0.09,3,717.64,0
0,18.32,3,402.08,1
31,0.42,5,132.69,0
69,10.64,3,67.02,0
73,19.57,5,141.75,1
59,18.79,5,379.88,1
32,0.16,7,925.16,0
19,11.71,3,457.69,1
25,17.68,7,9.05,1
83,0.05,7,53.1,0
18,0.12,3,4493.27,0
35,0.77,3,1781.41,0
67,11.07,5,4559.07,0
22,0.44,5,11.36,0
10,14.27,3,222.48,1
58,12.83,7,520.77,1
82,0.96,5,10.97,0
86,12.14,7,37.09,0
81,13.42,5,781.53,0
41,14.25,7,3848.05,1
41,0.84,7,2989.7,0
88,18.19,7,730.54,1
69,14.87,7,46.53,1
54,0.18,3,53.88,0
33,0.36,7,90.7,0
53,0.2,3,662.32,0
97,15.95,3,4230.8,0
95,16.36,7,12.56,1
28,16.47,3,4983.66,1
77,15.94,3,103.93,0
9,18.03,3,2292.03,1
25,0.06,7,77.28,0
6,9.38,7,82.7,1
59,9.17,7,2792.53,1
86,0.96,5,808.84,0
94,1.8,7,70.67,0
60,16.52,5,3250.3,1
87,18.58,7,96.26,1
74,19.2,5,713.32,1
45,1.48,5,36.73,0
72,0.0,7,166.0,0
80,13.8,3,32.2,0
70,11.73,7,360.83,1
74,0.98,7,4932.27,0
51,6.55,5,1071.84,0
42,0.83,5,1654.36,0
3,14.7,3,18.16,1
61,14.95,3,804.22,0
40,1.83,7,3919.55,0
2,0.43,7,46.3,1
34,0.56,5,72.54,0
70,0.96,3,64.59,0
1,2.19,5,3668.96,1
33,9.55,7,865.24,1
89,5.23,3,1.72,0
42,9.78,3,69.85,0
6,8.86,3,75.54,1
60,3.67,3,61.2,0
81,10.69,5,18.29,0
28,9.22,7,16.82,1
80,1.46,3,27.55,0
8,14.82,5,1175.18,1
54,15.85,7,1428.89,1
83,17.41,7,164.66,1
6,3.92,7,3562.66,1
44,8.56,5,345.1,0
22,7.77,5,900.1,1
79,3.36,7,39.75,0
46,10.32,7,2981.17,1
9,0.79,3,3654.22,0
69,0.69,3,388.18,0
41,4.52,5,18.42,0
46,6.31,7,52.71,0
0,17.29,3,29.56,1
55,0.56,7,703.67,0
93,13.6,5,1026.89,0
74,7.37,3,1320.58,0
83,0.26,5,492.95,0
3,17.69,5,1052.04,1
61,9.07,7,2143.3,1
3,16.47,7,828.17,1
47,3.64,7,36.61,0
52,6.78,5,1151.78,0
2,17.04,5,55.83,1
82,6.46,3,84.21,0
52,1.79,3,746.28,0
55,7.14,3,4113.78,0
4,14.08,5,8.27,1
65,1.02,7,709.82,0
45,0.53,7,3816.4,0
90,5.45,5,1235.17,0
78,17.39,7,19.06,1
66,0.96,7,732.39,0
15,9.15,7,4332.15,1
67,16.63,5,904.41,1
7,10.86,5,10.94,1
11,0.55,3,51.5,0
23,5.54,3,575.51,0
35,19.99,7,65.05,1
4,0.18,7,2396.5,0
15,0.75,5,1681.63,0
47,7.43,3,132.93,0
71,1.58,7,1819.08,0
45,0.02,5,558.05,0
54,14.53,7,753.06,1
97,14.46,5,1226.69,0
61,10.17,3,1120.57,0
10,5.2,3,345.19,1
17,13.56,7,149.11,1
100,0.56,3,3483.41,0
53,3.11,3,62.79,0
100,7.06,5,351.36,0
56,0.85,5,1963.52,0
49,2.19,5,734.64,0
83,0.61,3,19.29,0
68,3.3,3,21.38,0
25,17.36,7,830.93,1
14,7.36,3,99.91,1
54,0.77,3,3707.02,0
77,7.78,3,139.73,0
96,14.23,3,302.42,0
25,0.81,3,54.0,0
77,16.32,5,61.7,1
56,1.92,5,34.75,0
91,18.95,5,30.58,1
45,19.6,5,1286.13,1
74,13.42,5,4866.9,0
69,5.24,7,310.84,0
39,6.56,3,883.03,0
66,9.51,7,1937.0,1
79,3.74,5,73.99,0
78,0.51,7,464.95,0
15,0.57,5,261.74,0
69,0.48,5,1596.32,0
25,4.27,7,325.18,1
35,0.74,7,26.8,0
86,0.32,7,65.35,0
83,0.32,5,781.49,0
27,0.52,3,14.33,0
34,4.08,7,1411.15,0
39,16.2,3,4228.75,1
85,0.83,5,75.36,0
80,11.47,5,662.48,0
45,0.92,3,35.22,0
80,14.86,7,757.65,1
49,17.76,3,737.91,1
50,6.65,5,671.0,0
5,19.45,5,491.52,1
64,8.46,3,857.88,0
71,14.72,5,2727.11,1
56,3.57,7,129.78,0
64,0.17,7,201.59,0
89,0.69,3,9.52,0
72,0.15,3,397.04,0
48,10.78,3,17.53,0
14,0.71,7,504.57,0
74,10.48,5,87.73,0
80,17.73,3,4357.93,0
10,0.43,5,89.88,0
28,0.43,5,1733.7,0
85,6.68,7,953.79,0
25,11.52,5,61.43,1
74,14.17,3,339.89,0
22,2.37,5,350.19,0
43,14.56,5,2065.21,1
42,3.11,5,2287.91,0
76,15.76,5,1.42,1
57,0.53,3,716.43,0
45,7.19,3,56.35,0
25,19.31,3,90.2,1
8,2.1,7,55.15,1
1,0.87,5,51.99,1
59,15.06,5,72.8,1
75,18.58,5,502.8,1
98,7.33,3,4.4,0
40,0.03,5,880.07,0
16,11.57,7,4766.57,1
21,5.47,5,569.65,1
65,17.72,7,71.78,1
63,2.45,3,68.61,0
90,0.37,3,26.28,0
70,2.61,3,97.65,0
52,0.78,3,167.53,0
84,2.62,3,20.46,0
74,16.03,5,639.9,1
51,3.22,5,66.58,0
13,0.07,5,3513.64,0
94,6.5,7,2443.97,0
53,17.64,3,32.91,0
17,18.62,7,643.64,1
83,11.19,7,54.77,0
50,6.02,3,58.39,0
18,0.6,5,42.88,0
38,19.1,5,99.91,1
43,14.89,3,863.5,1
50,1.66,7,58.15,0
44,12.91,5,40.83,1
51,12.28,5,53.75,1
32,2.67,5,64.57,0
80,0.25,7,31.41,0
19,0.67,5,59.94,0
24,7.22,7,24.92,1
71,11.46,3,4245.82,0
52,17.19,7,44.88,1
86,5.33,3,582.22,0
87,2.23,3,72.48,0
85,9.96,3,33.5,0
25,0.74,5,4635.33,0
29,7.5,5,700.02,1
29,13.43,7,13.72,1
30,12.78,5,1979.78,1
43,18.7,3,1596.6,1
72,4.63,5,66.45,0
20,15.23,3,57.24,1
85,0.24,3,557.53,0
37,0.28,5,1877.63,0
69,1.66,5,537.26,0
51,0.83,7,60.17,0
90,17.42,3,2069.15,0
83,18.64,5,107.18,1
87,8.51,5,81.12,0
58,14.78,7,8.91,1
77,0.86,3,1471.22,0
75,18.44,7,54.12,1
75,6.78,5,130.27,0
27,0.07,3,3176.18,0
2,6.07,5,489.15,1
54,19.05,3,2777.17,1
5,1.14,3,261.79,0
38,11.49,3,21.16,0
90,0.34,5,4800.26,0
69,11.32,5,3792.99,0
77,0.66,3,828.2,0
62,9.51,3,615.03,0
9,11.13,5,10.2,1
76,7.44,5,576.23,0
49,0.67,5,888.8,0
96,8.07,3,69.57,0
9,18.19,7,744.61,1
97,11.59,3,3544.82,0
1,13.32,5,56.15,1
89,1.26,3,3223.42,0
47,4.38,5,134.74,0
79,10.91,5,248.39,0
51,0.53,3,61.75,0
25,4.53,5,96.8,0
6,14.27,3,4899.56,1
2,4.74,5,2331.23,1
65,4.75,7,715.18,0
38,0.25,3,86.26,0
96,9.41,7,1973.04,0
62,1.28,7,1895.67,0
41,1.07,7,1242.4,0
80,3.15,7,20.54,0
82,0.29,7,1074.88,0
42,0.8,7,44.51,0
79,11.79,5,3001.92,0
24,0.5,7,886.21,0
85,4.01,5,480.21,0
47,4.3,7,6.18,0
65,18.11,7,801.49,1
36,14.39,7,639.24,1
30,6.55,7,62.28,1
20,1.31,3,17.0,0
43,0.96,7,4.78,0
57,4.16,7,59.36,0
49,10.56,3,890.13,0
96,16.75,7,74.24,1
23,0.74,7,1690.99,0
5,8.88,7,94.77,1
82,0.58,5,4200.95,0
36,0.43,5,19.08,0
29,6.6,5,80.53,1
34,0.94,7,3453.03,0
90,14.41,3,95.94,0
61,17.02,7,2123.98,1
65,6.55,3,58.33,0
58,18.2,7,4412.37,1
58,0.21,3,461.77,0
48,17.36,5,13.19,1
27,9.83,3,465.08,1
6,19.27,7,802.29,1
70,12.47,3,348.38,0
75,8.97,3,623.4,0
68,17.52,3,414.77,0
1,5.75,3,4012.64,1
68,14.91,5,524.18,1
73,11.31,5,957.97,0
34,6.76,5,75.19,0
94,19.87,7,1788.99,1
61,19.89,7,175.43,1
0,10.56,3,311.5,1
39,3.9,7,4568.58,0
5,0.32,7,1443.45,0
80,18.87,5,19.74,1
30,17.37,3,66.24,1
77,5.95,3,18.65,0
69,12.41,7,855.48,1
25,8.97,5,48.11,1
17,4.66,7,95.83,1
7,5.0,7,4559.45,1
84,1.51,7,3985.75,0
66,3.28,5,877.17,0
100,2.92,3,62.94,0
29,8.85,7,58.42,1
17,3.29,5,7.32,0
58,6.12,3,5.92,0
7,2.44,5,84.81,1
34,0.83,3,14.24,0
58,0.36,5,2165.6,0
51,11.64,7,4320.15,1
19,16.43,7,545.76,1
10,6.98,3,87.0,1
42,13.14,5,468.09,1
85,18.06,7,15.67,1
71,18.44,7,4864.57,1
64,3.22,3,18.73,0
23,10.61,5,44.11,1
44,0.65,5,4.11,0
100,0.64,7,2456.13,0
97,4.18,7,4029.72,0
48,11.4,5,938.8,1
1,13.52,5,417.77,1
60,2.1,3,32.88,0
8,15.05,7,1858.17,1
21,17.91,3,428.95,1
18,6.19,7,2719.73,1
16,18.74,3,84.02,1
90,8.49,7,2662.38,0
19,9.78,7,20.56,1
32,0.27,5,606.51,0
47,13.13,7,969.14,1
90,5.46,5,204.76,0
13,18.05,7,224.16,1
50,3.58,3,651.77,0
28,0.26,3,604.55,0
96,16.78,5,425.23,0
87,16.45,5,41.86,0
52,2.0,3,425.42,0
24,2.46,7,3700.84,0
33,5.83,3,56.61,0
58,5.7,5,4450.13,0
88,5.49,3,23.71,0
24,0.2,7,21.72,0
46,9.69,7,801.8,1
44,0.27,3,964.48,0
60,13.13,5,2202.95,1
11,13.67,7,1811.31,1
3,17.06,3,62.12,1
90,3.9,5,54.38,0
56,6.29,5,780.41,0
62,8.61,5,67.13,0
38,0.98,7,24.99,0
15,9.44,7,65.86,1
87,12.4,5,481.01,0
94,0.78,3,4959.87,0
84,17.69,3,74.1,0
59,8.59,5,2144.7,0
30,7.32,5,3910.46,1
0,15.66,7,982.07,1
74,6.67,3,4228.99,0
69,0.59,7,4971.11,0
41,2.07,3,2300.3,0
0,15.45,7,2707.05,1
72,14.3,3,771.14,0
61,1.97,7,71.2,0
51,18.28,5,4031.06,1
56,0.97,7,99.19,0
47,2.93,7,94.44,0
76,0.62,5,40.64,0
39,2.35,7,3182.32,0
6,19.19,3,535.39,1
49,5.32,5,4955.41,0
77,18.58,5,4656.91,1
57,8.54,3,830.06,0
61,0.62,5,25.96,0
2,18.5,7,3037.73,1
58,0.86,7,31.9,0
58,0.23,5,3270.21,0
2,2.78,7,736.44,1
0,1.79,3,3382.28,1
48,14.66,3,2950.57,0
50,5.29,7,74.06,0
62,0.23,3,58.11,0
31,14.27,3,3234.75,1
21,9.12,5,886.46,1
7,19.58,7,77.37,1
39,19.54,3,995.44,1
14,0.94,5,308.57,0
87,12.25,7,190.63,0
72,13.33,5,3462.47,0
79,11.58,3,30.61,0
87,3.99,7,4922.71,0
45,0.95,3,80.7,0
30,18.71,7,3.77,1
31,0.7,3,74.42,0
78,14.28,7,750.35,1
69,4.0,3,300.99,0
52,0.62,7,35.31,0
55,1.5,3,50.59,0
54,0.02,3,79.76,0
74,0.15,3,1109.61,0
42,0.1,3,15.54,0
2,5.1,7,4028.77,1
57,2.85,7,115.56,0
22,18.06,3,37.65,1
0,5.18,3,1549.26,1
61,3.6,5,1672.55,0
84,0.41,3,4483.2,0
76,6.01,5,785.24,0
28,8.46,7,2047.64,1
51,8.22,3,33.33,0
2,14.73,7,29.95,1
2,2.58,7,474.76,1
3,5.97,3,742.51,1
37,0.33,5,4229.62,0
91,6.55,7,27.15,0
61,14.33,5,352.55,1
72,3.03,7,4640.6,0
49,3.42,5,696.15,0
31,6.7,3,66.41,0
62,0.97,5,2206.96,0
83,0.16,5,68.23,0
14,6.51,5,103.02,1
68,12.56,7,2785.98,1
34,0.45,3,4016.8,0
87,10.27,3,4532.76,0
70,19.59,3,693.17,0
55,3.87,3,3409.99,0
26,8.79,5,171.54,1
4,0.81,5,70.2,1
90,0.67,5,205.15,0
74,13.39,5,4953.41,0
86,0.55,7,17.2,0
96,2.46,5,903.94,0
30,0.12,7,912.6,0
1,12.12,5,131.38,1
24,16.74,7,4943.88,1
43,0.3,7,75.52,0
20,19.68,3,956.28,1
72,13.67,3,643.61,0
57,13.05,5,253.06,1
78,2.06,3,3367.13,0
48,15.13,5,929.8,1
33,16.88,7,43.53,1
32,14.46,5,450.85,1
53,3.99,5,1057.18,0
29,2.05,7,631.1,0
62,0.07,7,3051.74,0
99,0.11,3,894.71,0
26,14.51,5,87.59,1
14,14.31,7,14.98,1
24,15.01,5,424.19,1
84,15.43,3,69.53,0
37,18.32,5,168.96,1
51,0.74,5,673.1,0
37,15.33,7,1170.85,1
74,1.31,5,1347.74,0
41,8.58,7,4399.95,1
22,5.38,3,997.49,0
21,0.94,3,132.55,0
15,18.15,5,232.96,1
11,7.82,3,850.91,1
45,9.79,7,588.2,1
90,0.87,7,25.11,0
54,7.83,3,94.45,0
77,0.44,7,218.8,0
56,14.25,7,1256.0,1
38,12.26,3,272.21,0
53,0.24,3,420.93,0
93,7.64,5,2129.68,0
91,17.0,3,391.3,0
46,17.12,7,92.13,1
29,12.35,7,660.56,1
100,7.7,7,2921.03,0
75,16.85,5,652.1,1
49,1.29,7,927.56,0
77,0.85,3,43.61,0
94,5.52,3,843.51,0
78,6.62,3,385.38,0
62,0.6,3,95.73,0
28,10.08,5,83.94,1
87,0.83,5,373.47,0
0,8.21,3,499.48,1
88,16.8,3,7.98,0
61,16.79,5,1815.63,1
50,12.46,5,558.85,1
78,11.21,7,1559.17,1
50,12.65,5,281.91,1
98,17.28,3,1265.93,0
32,10.07,5,99.2,1
67,13.48,5,4002.34,1
66,0.06,5,469.6,0
47,16.45,3,1190.95,1
88,2.57,3,15.67,0
9,0.07,7,440.29,0
11,19.59,5,4311.22,1
86,13.89,5,77.22,0
50,3.79,7,758.15,0
2,0.41,7,50.91,1
83,6.11,5,47.34,0
44,9.57,5,659.46,1
5,0.66,7,10.11,0
69,7.76,5,80.42,0
26,0.8,7,3698.12,0
39,11.0,7,30.4,1
42,8.87,5,906.53,1
42,6.88,7,2883.33,1
13,15.07,3,982.72,1
93,0.75,3,816.49,0
44,0.83,7,4984.41,0
88,9.22,7,58.85,0
20,11.95,5,4301.32,1
34,4.92,3,10.56,0
44,18.99,5,917.86,1
90,0.89,7,82.97,0
96,14.92,3,1541.59,0
96,6.8,5,3511.42,0
59,11.64,7,3875.02,1
47,17.49,7,644.58,1
75,8.43,7,73.4,0
20,10.64,7,2540.41,1
22,11.25,3,43.27,1
12,3.79,3,3347.74,0
38,19.31,5,264.04,1
18,9.38,3,3486.55,1
6,14.75,7,850.18,1
31,2.17,3,465.32,0
12,13.97,5,680.65,1
1,7.97,7,841.58,1
68,13.22,7,2473.3,1
2,0.3,5,3356.34,0
23,18.29,3,624.93,1
68,14.91,5,7.74,1
67,0.52,7,88.08,0
10,3.58,5,847.96,1
80,0.29,5,284.11,0
9,0.17,5,814.33,0
49,9.77,5,570.62,0
85,10.11,5,931.89,0
59,0.07,3,401.2,0
6,2.17,7,1789.38,1
52,0.61,5,4579.76,0
6,0.12,7,20.05,0
11,3.16,3,976.63,0
50,19.89,7,28.61,1
13,7.7,5,67.29,1
44,2.3,7,70.65,0
5,8.36,3,37.13,1
16,0.61,5,842.94,0
68,16.57,7,4092.01,1
19,0.08,3,96.69,0
94,0.09,5,496.72,0
4,0.45,7,635.45,0
19,0.13,7,905.69,0
56,0.71,5,16.86,0
19,0.42,5,542.16,0
2,0.21,5,4253.08,0
37,2.4,5,531.28,0
25,0.52,5,881.88,0
43,18.65,5,2664.14,1
28,4.14,7,8.75,1
100,10.65,3,3976.43,0
99,11.91,5,2149.52,0
88,0.3,3,60.76,0
9,2.02,7,310.89,1
40,3.82,7,697.03,0
32,0.78,3,4904.93,0
5,17.12,5,41.46,1
9,19.41,3,292.52,1
68,2.69,5,185.31,0
21,18.89,7,42.47,1
76,19.21,7,2870.24,1
56,4.8,7,785.69,0
27,1.73,7,2943.32,0
0,8.16,3,52.36,1
78,0.66,3,3561.41,0
59,8.14,7,96.14,0
57,11.77,5,1214.81,1
88,11.36,7,16.28,0
85,17.63,5,60.9,1
35,12.14,5,1085.7,1
95,9.24,7,557.81,0
3,0.62,7,48.57,1
75,7.5,3,2683.11,0
6,5.31,5,549.78,1
48,0.89,7,64.51,0
39,15.64,3,706.64,1
50,18.39,5,4730.09,1
30,12.27,7,289.36,1
40,8.88,3,1854.77,0
57,12.49,7,639.72,1
55,8.31,7,58.87,1
34,0.61,7,1243.49,0
66,17.95,7,39.7,1
54,6.92,3,3012.64,0
33,0.77,3,253.37,0
70,12.17,3,1679.76,0
17,0.98,3,4231.37,0
34,16.85,3,91.65,1
1,10.3,3,627.32,1
28,7.4,3,97.4,0
61,0.41,3,3045.41,0
66,2.68,3,58.15,0
54,9.94,5,2091.24,0
46,16.85,7,16.62,1
95,10.01,7,77.37,0
78,0.63,7,2466.15,0
3,0.21,5,1882.57,0
91,1.73,3,737.55,0
39,0.82,5,576.81,0
55,2.92,5,640.47,0
38,1.35,7,4024.2,0
99,2.68,3,3273.24,0
96,11.05,5,74.98,0
94,16.29,5,706.96,0
13,11.46,7,130.98,1
61,7.76,5,3741.96,0
25,0.09,5,1534.47,0
74,0.99,5,875.28,0
5,0.44,3,29.77,0
95,0.13,7,757.8,0
15,13.0,3,587.08,1
70,6.63,7,38.31,0
60,11.01,7,373.98,1
98,10.81,7,306.49,0
14,0.79,5,2235.93,0
17,6.34,3,4695.69,1
81,5.47,3,64.01,0
20,5.72,3,4774.27,0
52,8.03,5,4582.69,0
91,18.96,7,4597.97,1
45,0.4,7,1647.86,0
8,0.29,5,2257.43,0
38,1.21,5,1890.54,0
58,8.81,5,2048.66,0
23,0.27,3,124.9,0
66,11.7,5,51.83,0
15,18.7,7,44.92,1
92,17.67,5,52.33,0
53,13.43,5,22.92,1
53,0.16,7,77.41,0
53,0.47,3,56.36,0
31,2.24,7,4456.75,0
26,10.86,5,1735.63,1
87,2.5,3,526.02,0
43,0.9,7,4974.78,0
78,0.98,3,39.89,0
79,15.95,5,78.79,1
36,3.81,5,168.19,0
95,16.16,3,274.07,0
15,19.56,5,658.82,1
16,0.53,7,866.45,0
100,14.79,3,49.11,0
8,16.2,7,11.51,1
37,17.02,5,61.77,1
73,0.06,3,722.75,0
17,15.51,3,1514.25,1
23,13.31,7,3209.42,1
69,12.89,3,51.15,0
84,5.09,3,81.2,0
29,4.01,7,880.12,0
34,8.66,3,26.25,0
5,15.89,3,873.17,1
98,10.56,3,2348.61,0
35,15.85,7,48.55,1
75,12.03,7,4659.29,1
42,6.73,5,54.94,0
45,0.55,7,756.32,0
10,6.55,5,28.31,1
17,18.69,7,86.59,1
94,11.3,5,94.0,0
2,0.61,3,546.39,0
64,0.72,7,591.29,0
54,10.86,7,444.83,1
75,19.57,7,864.17,1
93,13.94,7,23.8,1
91,0.59,5,812.75,0
43,18.78,5,1613.69,1
25,0.38,7,2505.07,0
2,5.58,7,72.6,1
56,15.98,7,67.85,1
6,18.27,7,25.11,1
83,17.47,7,4921.43,1
62,16.97,3,475.83,0
89,6.86,7,899.23,0
83,0.34,5,4146.53,0
11,1.37,5,1140.69,0
52,0.43,3,95.0,0
4,0.78,7,196.78,1
89,16.03,7,411.09,1
54,0.99,5,289.04,0
6,0.23,5,3938.65,0
15,18.58,7,27.97,1
35,14.78,3,765.77,1
11,10.04,5,4532.48,1
65,4.92,5,458.92,0
24,14.76,3,3180.84,1
96,0.17,3,30.82,0
7,5.98,7,18.77,1
90,12.82,5,412.78,0
21,18.31,3,409.65,1
69,2.85,3,267.87,0
9,13.4,7,831.62,1
63,0.28,3,43.85,0
59,0.36,7,62.78,0
88,0.48,5,1270.28,0
28,0.69,3,60.51,0
47,6.82,7,781.96,1
38,8.92,7,519.58,1
30,15.41,7,27.72,1
77,0.49,5,185.51,0
84,15.99,7,2824.7,1
50,18.65,7,860.26,1
74,14.47,3,1395.33,0
54,9.34,5,174.26,0
7,0.07,5,2246.38,0
1,6.99,5,479.0,1
92,16.14,5,25.23,0
1,2.92,7,73.04,1
64,3.02,7,611.77,0
13,0.35,5,1225.17,0
19,13.3,7,381.28,1
37,0.63,5,156.0,0
61,6.27,7,227.54,0
33,0.69,7,2632.61,0
43,16.52,3,28.8,1
22,19.35,3,811.03,1
25,14.59,5,293.91,1
62,11.57,5,82.17,0
75,8.14,5,2769.74,0
52,14.57,5,986.15,1
3,0.32,7,1563.09,0
48,11.39,7,4733.86,1
18,13.16,5,61.22,1
10,0.05,5,34.45,0
49,7.92,3,4249.53,0
74,4.89,5,1451.82,0
1,11.2,5,2489.77,1
22,0.94,3,1192.76,0
13,2.23,3,52.27,0
57,11.92,3,60.26,0
78,0.75,5,39.75,0
93,2.55,3,12.86,0
13,13.98,3,77.69,1
17,0.7,7,76.59,0
90,3.01,5,44.32,0
97,9.32,7,90.36,0
44,0.15,5,3158.67,0
96,0.8,5,130.62,0
68,8.8,3,1634.6,0
64,0.62,3,2774.64,0
89,0.04,7,83.2,0
57,18.05,3,90.82,0
22,4.67,3,476.68,0
100,6.64,3,19.71,0
77,8.89,5,23.89,0
80,5.98,3,352.77,0
36,5.55,7,36.57,1
55,6.06,3,2656.75,0
79,16.91,3,3869.95,0
86,17.31,5,26.12,1
11,0.64,5,53.83,0
31,15.9,5,781.77,1
86,8.96,3,21.2,0
38,0.42,7,90.05,0
14,1.82,5,585.22,0
96,0.04,3,386.18,0
62,0.68,5,355.92,0
49,9.37,5,3.28,0
43,17.18,5,372.91,1
95,0.18,7,115.68,0
82,0.64,7,98.52,0
93,6.88,7,900.75,0
68,18.54,3,20.56,0
91,0.78,3,58.49,0
47,1.57,3,568.03,0
4,6.22,5,72.6,1
47,19.34,5,1058.21,1
16,14.62,3,4270.86,1
48,5.47,5,25.67,0
42,2.66,3,42.49,0
19,14.95,3,2086.28,1
4,8.79,7,4829.81,1
62,16.92,7,918.19,1
5,3.67,3,6.76,1
15,1.88,3,865.02,0
8,0.85,3,25.49,0
67,0.14,7,880.59,0
97,15.34,5,12.74,0
2,7.58,5,4834.14,1
68,2.86,3,3115.54,0
32,8.72,3,469.03,0
14,0.7,7,332.02,0
98,3.1,7,84.64,0
88,0.49,3,850.18,0
40,9.54,5,46.43,1
81,4.26,7,614.99,0
0,0.32,7,2075.88,1
97,0.77,3,65.27,0
80,0.72,3,943.15,0
90,8.16,3,680.65,0
70,10.83,7,282.67,1
58,0.26,5,887.8,0
60,7.5,7,408.75,0
67,0.85,7,94.71,0
80,9.71,7,160.9,0
76,0.67,3,3722.21,0
82,3.64,5,485.89,0
3,1.54,5,1717.2,1
11,15.26,7,4913.99,1
21,12.2,7,2863.73,1
29,0.31,7,259.34,0
32,4.91,3,499.82,0
58,11.7,3,606.36,0
36,14.46,5,1460.2,1
31,9.97,5,96.98,1
13,8.35,5,1925.33,1
48,8.07,3,24.54,0
0,0.1,5,527.51,1
69,3.47,3,19.75,0
79,0.87,5,4066.49,0
80,18.74,7,39.52,1
4,0.72,7,197.61,1
89,13.74,7,4809.27,1
33,17.04,3,4226.54,1
100,0.28,3,2181.58,0
97,16.92,7,4006.19,1
55,0.97,3,2360.98,0
73,9.41,5,623.18,0
76,1.23,5,2793.21,0
69,11.17,3,903.05,0
81,2.51,5,347.26,0
40,0.63,5,2277.6,0
97,12.1,3,50.6,0
62,14.98,3,48.26,0
67,4.89,7,472.03,0
5,19.49,5,2644.15,1
29,0.77,7,949.06,0
48,8.62,7,85.64,1
56,1.11,3,3766.34,0
8,2.41,7,4974.6,1
13,0.0,3,281.25,0
42,0.06,5,1518.43,0
53,0.39,5,19.05,0
44,5.47,7,1142.59,0
51,4.52,3,33.42,0
76,0.8,5,1856.49,0
59,7.98,5,1980.43,0
34,0.43,5,973.43,0
96,8.57,5,900.01,0
70,0.12,5,380.62,0
22,7.66,7,461.05,1
72,6.2,7,3.33,0
89,0.74,5,2533.81,0
30,3.17,5,940.67,0
53,16.1,5,796.37,1
33,9.85,3,172.45,0
30,1.2,3,30.53,0
8,0.77,3,11.76,0
75,6.5,7,1131.61,0
32,12.41,3,629.79,1
90,10.6,3,318.83,0
80,0.11,5,3389.37,0
2,1.19,3,2479.27,1
2,5.15,7,1525.74,1
76,11.65,7,963.94,1
59,14.88,3,404.18,0
75,0.76,5,3624.09,0
27,13.05,7,4521.32,1
46,6.03,7,471.62,0
86,14.42,5,329.43,0
76,0.05,5,3020.38,0
16,0.75,5,3987.79,0
68,13.01,5,87.17,0
12,13.86,3,12.97,1
65,6.92,5,58.1,0
64,7.72,5,633.98,0
53,0.21,3,41.58,0
38,0.67,3,905.76,0
35,0.45,5,193.12,0
5,0.46,7,21.7,0
80,0.36,5,2690.89,0
40,18.51,3,1173.96,1
9,1.28,5,12.02,0
22,1.68,3,2779.11,0
68,0.39,3,4071.61,0
69,18.31,3,57.57,0
99,10.83,7,24.6,0
45,9.91,7,19.43,1
38,17.27,7,726.43,1
19,3.76,5,3136.83,0
98,0.24,3,42.06,0
74,9.93,3,4392.22,0
18,18.04,7,11.1,1
58,0.19,5,60.6,0
20,0.06,5,742.81,0
99,0.68,3,982.09,0
37,10.89,5,4407.69,1
99,13.15,7,70.79,0
22,0.84,3,42.98,0
4,17.02,5,901.53,1
51,10.96,5,2240.82,1
49,3.7,5,317.09,0
27,0.37,7,566.17,0
67,0.31,3,53.42,0
84,4.84,7,1923.52,0
85,0.17,3,972.88,0
8,12.98,7,1851.99,1
80,17.36,5,4465.08,1
27,14.95,7,363.94,1
48,7.71,3,123.29,0
48,0.94,5,2186.62,0
63,0.04,7,235.34,0
46,11.37,7,101.17,1
32,0.83,3,409.73,0
26,4.28,3,4395.3,0
79,16.46,5,602.14,1
68,12.15,7,88.76,1
26,0.98,7,6.99,0
1,7.46,5,3045.16,1
33,0.79,7,55.18,0
64,7.77,3,45.15,0
59,6.19,3,3887.59,0
27,13.23,3,1960.77,1
93,18.93,5,666.18,1
4,18.56,7,65.52,1
7,4.86,3,26.04,1
100,4.12,5,300.11,0
47,11.75,3,1489.1,0
69,10.6,5,758.06,0
92,8.14,5,869.57,0
21,0.31,3,44.6,0
61,16.49,7,225.98,1
49,4.93,7,4.7,0
63,10.69,7,52.98,1
93,9.91,3,697.26,0
52,8.97,7,76.21,1
16,0.75,7,8.19,0
62,12.13,3,677.64,0
64,5.19,5,327.01,0
60,19.03,3,466.69,0
93,0.48,7,4522.73,0
90,2.47,7,4003.81,0
54,8.74,5,71.93,0
96,9.35,7,99.79,0
74,7.74,3,13.85,0
74,0.85,3,9.41,0
0,12.81,5,90.08,1
63,11.07,5,80.94,0
22,9.09,7,26.96,1
0,16.77,7,817.67,1
19,4.56,3,3579.88,0
6,10.4,7,653.33,1
32,18.76,5,94.36,1
71,6.37,5,1651.98,0
68,18.94,7,42.22,1
90,2.23,5,940.12,0
69,0.68,3,3534.13,0
24,17.28,7,914.7,1
56,2.29,3,714.21,0
14,4.55,7,1535.73,1
63,13.28,3,1570.63,0
53,1.93,3,1843.11,0
11,0.84,7,3360.94,0
1,16.03,7,1.18,1
84,0.85,7,2157.32,0
82,12.57,3,2314.69,0
89,9.07,7,57.31,0
68,12.1,7,552.25,1
18,4.05,5,1227.37,1
4,11.75,5,669.73,1
55,15.03,7,226.17,1
77,0.55,5,82.51,0
99,15.73,5,39.58,0
94,7.26,7,4411.49,0
90,0.37,3,2900.99,0
57,15.1,5,790.04,1
39,13.58,3,499.91,1
81,12.06,7,135.47,1
34,0.82,5,3635.01,0
34,4.51,5,61.96,0
27,0.25,5,1273.17,0
7,0.02,3,717.21,0
92,1.65,3,4475.54,0
73,15.7,7,100.05,1
40,16.22,3,284.63,1
56,8.58,3,51.73,0
98,2.24,7,96.25,0
94,8.07,3,63.84,0
43,19.94,3,1404.66,1
25,19.6,3,93.5,1
1,3.02,3,3734.78,1
70,10.86,5,1499.5,0
74,19.46,5,272.06,1
76,16.86,3,47.76,0
53,10.62,7,425.08,1
76,0.65,7,38.82,0
25,0.93,3,3827.74,0
68,2.85,7,43.96,0
52,6.23,3,965.12,0
12,0.75,7,86.62,0
55,9.73,5,38.67,0
66,0.33,3,506.97,0
28,15.35,7,42.69,1
15,16.95,3,25.56,1
60,19.25,3,53.86,0
10,0.46,3,3832.75,0
99,13.69,5,2101.49,0
71,3.15,3,470.1,0
28,2.68,3,43.53,0
41,0.93,3,44.35,0
52,0.37,5,2035.9,0
94,14.29,3,2503.49,0
93,19.54,7,2303.4,1
53,0.11,3,716.45,0
55,7.92,7,4111.38,1
40,9.37,3,112.05,0
97,14.76,7,94.22,1
84,15.75,7,261.31,1
65,7.7,5,4047.87,0
68,0.55,3,939.02,0
1,0.2,7,433.92,1
13,6.98,3,682.33,1
94,0.22,5,142.06,0
22,0.28,5,1717.71,0
64,2.21,5,8.95,0
88,3.93,5,60.23,0
91,0.89,5,60.95,0
49,4.97,3,12.58,0
69,5.95,5,3686.2,0
90,0.67,5,4.94,0
12,3.34,5,142.91,1
2,11.43,7,23.6,1
48,7.66,3,98.12,0
48,0.85,7,2110.85,0
3,0.68,7,2419.99,1
33,0.55,3,478.57,0
68,0.2,7,1571.56,0
55,1.83,5,15.46,0
36,8.41,7,3015.67,1
3,15.91,3,18.95,1
60,10.77,7,302.1,1
48,0.87,3,618.81,0
59,0.64,3,25.72,0
46,13.7,3,3063.5,0
67,16.19,3,259.86,0
76,11.98,7,4026.08,1
81,5.39,5,7.48,0
35,16.97,7,409.13,1
48,9.1,3,4595.26,0
10,19.35,3,1925.13,1
76,15.36,7,803.46,1
54,3.78,3,86.17,0
92,0.09,5,76.21,0
38,12.82,3,854.21,1
12,11.47,5,51.56,1
44,0.94,3,19.78,0
59,0.53,5,5.63,0
42,5.7,7,8.01,0
65,14.53,7,99.58,1
30,12.0,7,4943.14,1
93,0.7,7,3325.08,0
57,17.54,5,3127.11,1
83,9.95,5,96.52,0
68,10.92,5,859.76,0
91,11.39,3,1511.25,0
33,0.93,7,2518.92,0
74,0.65,5,1548.17,0
91,17.51,7,3346.86,1
88,6.21,5,172.12,0
30,17.12,5,310.77,1
39,0.84,7,4245.76,0
86,1.16,5,44.5,0
35,2.23,5,4845.28,0
24,0.12,5,2935.24,0
92,0.11,7,539.61,0
13,5.93,7,80.17,1
94,0.94,5,45.95,0
5,0.46,3,34.91,0
85,0.03,7,1318.55,0
55,13.27,5,653.43,1
7,7.73,3,1705.5,1
40,4.47,5,6.24,0
55,0.25,7,1872.1,0
5,13.21,3,2490.16,1
21,3.57,7,2009.74,1
81,4.37,7,1433.48,0
22,13.13,3,946.79,1
84,18.94,7,497.85,1
69,19.54,3,26.22,0
66,0.54,5,628.22,0
63,18.36,7,896.11,1
7,2.91,7,2295.85,1
81,0.38,3,30.32,0
98,4.87,7,265.4,0
24,9.54,5,78.62,1
95,7.42,3,4841.86,0
92,4.37,7,35.63,0
44,0.7,5,4654.1,0
13,2.37,5,3887.92,0
7,11.82,5,956.41,1
79,10.67,3,337.97,0
33,0.6,7,838.93,0
60,4.61,3,178.48,0
12,15.28,3,747.53,1
40,0.48,3,363.58,0
33,0.09,7,34.67,0
21,13.24,7,31.28,1
27,0.56,3,17.04,0
67,6.88,7,785.8,0
24,8.79,3,92.28,1
25,11.84,7,380.81,1
40,0.93,7,65.65,0
67,13.81,7,503.48,1
64,2.04,3,3277.39,0
18,17.7,3,515.74,1
79,5.78,7,1475.42,0
92,0.96,5,1431.07,0
1,17.46,3,4625.86,1
75,16.8,5,88.79,1
98,0.59,5,421.18,0
13,3.58,5,2743.79,1
58,0.36,3,1127.52,0
51,11.26,7,1.98,1
38,4.46,7,1463.72,0
63,9.85,3,153.08,0
56,8.49,3,248.01,0
36,18.82,3,404.09,1
19,0.94,3,25.25,0
53,0.98,7,32.64,0
10,10.73,5,42.27,1
52,8.77,3,1.83,0
31,8.23,3,43.75,0
5,2.96,5,950.85,1
35,7.22,5,3846.13,1
5,3.55,7,55.84,1
16,14.82,5,278.53,1
74,10.63,5,63.92,0
96,19.74,3,493.9,0
42,8.19,7,173.3,1
90,4.55,5,4482.72,0
10,6.8,7,2536.58,1
75,3.57,3,92.74,0
19,0.35,5,1189.08,0
96,1.24,7,144.25,0
40,15.5,5,3005.37,1
75,7.28,3,12.98,0
68,17.63,3,89.76,0
59,1.97,3,877.34,0
44,0.33,7,2790.1,0
97,4.22,7,3110.17,0
35,19.46,5,1364.04,1
65,11.05,3,398.73,0
34,0.52,3,15.07,0
66,18.82,7,634.18,1
97,12.02,3,42.12,0
15,0.71,3,669.73,0
93,0.88,3,63.53,0
87,0.65,7,3492.36,0
45,11.29,5,775.8,1
87,17.71,3,70.2,0
19,8.46,5,1120.17,1
19,0.63,3,871.37,0
4,1.75,5,47.77,1
100,16.96,3,339.25,0
52,15.59,7,110.06,1
32,0.44,7,88.42,0
9,9.52,7,59.39,1
32,5.36,5,2706.9,0
13,6.84,7,94.53,1
91,10.96,3,75.31,0
97,0.91,3,709.37,0
29,0.68,5,952.83,0
14,12.43,5,2577.83,1
47,11.61,5,576.76,1
12,0.08,7,4759.22,0
46,7.16,5,841.5,0
15,11.13,7,3641.8,1
57,8.39,5,194.02,0
41,10.86,3,6.81,0
63,1.76,5,3701.78,0
90,6.28,5,46.16,0
43,13.57,7,883.55,1
93,0.49,5,599.71,0
74,17.32,5,751.96,1
6,10.86,3,2677.42,1
83,0.01,7,3205.12,0
56,4.1,7,800.64,0
38,0.55,7,2851.01,0
93,10.54,7,2295.69,0
89,12.14,7,96.32,0
16,0.53,3,26.82,0
33,7.48,5,2914.21,1
29,4.1,5,1630.07,0
28,10.32,5,962.71,1
13,0.62,5,623.54,0
90,9.44,5,4454.04,0
7,13.05,5,7.85,1
14,0.51,7,427.51,0
45,17.77,5,61.81,1
57,9.74,3,683.04,0
75,0.33,7,39.25,0
38,7.17,3,747.41,0
21,0.46,3,1776.15,0
49,0.39,5,865.96,0
93,0.58,5,431.19,0
42,15.97,7,509.31,1
97,2.39,5,17.29,0
8,5.95,7,79.5,1
26,11.56,7,327.78,1
9,2.1,5,210.93,1
98,0.29,3,976.93,0
31,0.09,5,11.36,0
40,11.11,3,1049.2,0
26,0.11,3,485.49,0
49,12.58,3,4489.09,0
78,0.39,7,3392.7,0
86,4.77,5,73.85,0
70,0.04,3,3205.07,0
76,15.29,3,3376.48,0
0,18.11,5,772.23,1
43,14.42,7,608.64,1
69,0.18,5,193.28,0
14,12.61,7,1742.48,1
67,16.01,3,748.14,0
78,10.13,7,1232.64,0
65,19.61,7,2326.87,1
12,19.04,5,912.84,1
49,5.69,3,616.26,0
90,5.23,5,534.67,0
8,17.38,5,660.75,1
83,1.53,7,4300.38,0
66,4.71,7,2694.55,0
21,0.84,5,94.25,0
48,11.19,7,60.95,1
35,0.46,3,109.84,0
32,18.45,3,489.25,1
28,0.71,5,293.52,0
14,0.29,7,293.43,0
81,16.18,5,2826.03,0
19,1.24,7,998.61,0
8,2.09,5,2444.48,1
30,0.79,7,636.52,0
12,4.06,5,2930.84,1
77,11.13,5,3180.68,0
97,12.8,3,4002.52,0
74,13.31,7,25.16,1
97,3.04,7,230.61,0
31,0.28,7,4.44,0
21,6.06,3,7.27,0
84,0.58,7,25.68,0
50,16.46,3,4573.57,0
4,2.95,3,745.8,1
69,12.49,3,913.11,0
68,4.4,3,3710.97,0
62,1.12,5,621.69,0
98,13.94,5,799.66,0
13,15.65,7,579.07,1
5,13.14,3,3.43,1
73,9.54,3,1927.42,0
4,1.42,3,2812.09,1
50,9.78,3,3152.81,0
80,8.8,7,991.24,0
17,0.85,7,4253.49,0
70,17.75,5,7.12,1
0,0.44,3,1488.05,1
82,14.37,7,39.85,1
41,0.95,7,82.85,0
14,0.12,3,470.18,0
97,1.29,3,78.52,0
67,7.23,3,664.22,0
28,13.88,5,358.5,1
94,0.38,7,4.17,0
74,14.92,5,71.9,1
6,2.29,5,925.81,1
44,13.75,3,526.05,0
9,19.76,5,42.15,1
6,13.78,7,332.28,1
18,18.65,7,978.67,1
98,8.61,7,143.12,0
31,0.97,7,3089.19,0
30,6.99,3,314.76,0
25,6.63,3,39.53,0
51,0.49,3,353.93,0
71,12.93,7,4204.37,1
13,9.27,5,937.98,1
86,0.0,7,648.53,0
14,4.38,7,8.72,1
12,0.23,3,4914.09,0
73,12.73,5,3112.84,0
92,0.87,5,3214.53,0
99,17.15,7,827.32,1
90,3.2,7,782.22,0
67,11.5,7,658.79,1
63,3.57,5,710.16,0
27,9.57,5,719.22,1
43,0.12,5,95.56,0
15,1.83,3,38.49,0
21,1.15,3,73.31,0
53,0.85,7,91.67,0
68,2.3,5,77.76,0
33,13.96,3,220.6,1
29,10.67,7,3136.6,1
6,16.03,5,969.54,1
69,10.37,7,71.6,1
39,0.68,5,3.98,0
22,8.55,7,52.29,1
79,6.4,7,38.19,0
23,18.1,7,4958.8,1
84,4.53,3,623.48,0
100,15.12,7,3269.83,1
92,8.57,5,4.63,0
30,0.6,5,2676.96,0
33,10.28,3,98.15,0
68,17.48,5,4166.45,1
33,4.24,5,73.88,0
96,3.07,7,97.32,0
70,19.95,3,856.36,0
45,18.79,3,50.2,1
33,0.74,5,3460.45,0
51,16.04,3,672.05,0
50,0.31,3,2308.66,0
86,0.89,5,492.16,0
1,13.08,3,975.89,1
73,0.17,3,3662.54,0
25,0.93,5,8.21,0
5,13.7,7,1602.9,1
21,11.59,3,89.56,1
48,18.59,7,2764.64,1
57,0.63,7,509.85,0
24,4.98,7,5.09,1
10,19.5,3,481.91,1
38,0.21,7,121.22,0
87,0.62,3,29.23,0
2,7.49,5,659.63,1
6,9.0,7,2808.02,1
97,13.61,5,76.38,0
45,13.59,7,279.7,1
0,0.49,5,937.74,1
74,17.25,7,55.89,1
88,2.98,7,4074.57,0
75,11.53,3,4775.26,0
12,15.21,3,13.25,1
53,0.63,3,95.38,0
79,13.08,3,61.89,0
75,0.8,3,1628.71,0
96,0.26,5,3139.42,0
68,2.53,3,790.6,0
56,19.02,7,980.82,1
40,0.53,5,84.18,0
0,0.27,3,396.28,1
2,7.83,3,47.29,1
65,18.11,3,29.23,0
12,0.03,3,79.71,0
73,0.7,5,9.23,0
39,14.16,3,71.8,1
20,3.74,3,34.3,0
82,0.17,7,551.04,0
36,6.38,5,16.93,0
3,0.23,5,183.22,0
76,4.63,3,584.37,0
56,14.9,3,252.81,0
76,0.81,5,1838.18,0
35,4.36,5,65.45,0
33,6.41,5,2450.52,0
29,0.62,3,1202.3,0
19,3.78,7,3231.58,1
20,10.4,3,967.28,1
80,12.02,3,475.88,0
0,0.86,5,4144.41,1
77,0.18,7,2189.69,0
11,2.82,3,752.23,0
81,19.78,5,3587.21,1
60,15.19,5,39.19,1
32,12.04,3,730.14,1
58,8.7,5,2343.08,0
11,0.21,5,16.02,0
26,4.18,5,744.22,0
46,8.64,7,1081.68,1
81,0.8,3,45.73,0
16,13.11,3,2.77,1
30,10.93,3,937.55,1
30,0.4,7,4950.39,0
11,10.74,5,54.08,1
44,8.07,3,4300.24,0
20,5.67,5,973.61,1
80,5.82,5,294.33,0
25,10.86,3,66.37,1
63,6.5,3,43.92,0
77,13.61,3,3873.56,0
1,14.74,5,47.36,1
52,0.24,7,743.05,0
23,15.07,7,1706.31,1
34,10.1,7,147.89,1
52,0.43,5,2688.4,0
90,8.74,3,63.68,0
94,8.78,7,454.97,0
78,19.87,3,11.4,0
44,0.46,7,4298.83,0
39,18.13,7,20.27,1
98,17.95,3,92.39,0
3,0.49,5,407.2,0
47,18.14,7,2455.74,1
15,0.22,3,4391.99,0
82,17.77,7,33.06,1
48,9.85,7,3359.77,1
10,0.75,7,55.24,0
91,12.88,3,73.64,0
95,0.11,5,102.41,0
24,1.6,7,97.82,0
55,10.89,7,3264.54,1
13,11.06,5,1980.48,1
17,0.83,7,68.86,0
93,0.29,5,98.01,0
14,16.35,7,1078.63,1
7,4.24,5,574.66,1
46,8.46,5,3169.93,0
16,9.11,7,3632.67,1
99,5.41,3,60.57,0
16,0.17,5,841.51,0
85,16.61,5,891.76,0
57,4.24,7,48.92,0
52,0.21,3,55.69,0
85,0.22,7,50.67,0
83,17.19,7,706.79,1
73,0.81,7,222.28,0
75,0.34,5,555.62,0
87,18.92,5,2976.77,1
3,12.13,7,924.06,1
45,11.49,5,3770.73,1
74,0.39,7,234.79,0
43,10.15,3,68.65,0
81,0.68,5,624.91,0
39,15.04,7,2788.13,1
64,13.55,5,3936.18,1
21,0.34,7,77.4,0
76,4.02,3,71.22,0
2,8.46,5,32.38,1
20,5.6,7,52.72,1
70,0.36,7,65.71,0
59,16.94,7,23.89,1
42,9.18,3,1403.5,0
42,0.87,5,1784.26,0
43,0.41,3,4190.3,0
61,12.53,5,30.12,1
28,0.52,3,65.41,0
65,5.98,7,4.06,0
97,0.97,5,1643.48,0
98,0.55,3,1757.42,0
70,3.31,7,828.75,0
39,0.34,3,651.71,0
46,18.84,3,50.87,1
10,13.89,3,90.89,1
25,0.0,7,316.92,0
89,13.49,3,33.11,0
16,2.26,5,349.84,0
44,11.59,7,896.37,1
13,10.2,7,27.15,1
42,17.83,5,56.38,1
16,0.38,5,897.52,0
15,5.54,7,1984.16,1
58,11.13,5,26.21,0
66,3.75,3,660.56,0
69,10.07,5,1374.1,0
73,13.67,5,36.57,0
9,14.69,5,398.11,1
77,0.13,3,211.57,0
96,0.45,7,332.33,0
41,0.1,3,28.35,0
49,0.0,5,524.78,0
51,11.72,3,66.86,0
51,0.67,3,3548.54,0
27,14.25,3,2533.2,1
51,4.28,5,258.46,0
8,0.3,3,460.93,0
58,17.65,3,4143.02,0
61,16.6,7,987.94,1
30,3.13,3,604.54,0
37,17.09,7,463.13,1
39,0.09,3,380.03,0
14,0.77,5,107.8,0
34,3.16,5,93.67,0
62,0.02,5,61.93,0
87,14.27,7,315.06,1
33,0.97,3,2940.78,0
35,8.62,5,1596.32,1
9,18.69,3,77.12,1
38,19.4,7,302.96,1
95,5.28,5,4043.53,0
37,2.87,5,122.41,0
74,0.99,7,837.11,0
70,0.21,7,75.13,0
4,7.56,3,969.82,1
30,0.75,7,1769.11,0
61,15.61,7,239.46,1
81,19.1,7,370.95,1
3,6.7,7,88.99,1
23,14.34,7,233.83,1
100,16.03,7,514.44,1
54,0.06,3,865.93,0
5,7.32,5,70.71,1
36,0.38,5,5.55,0
63,0.43,7,2549.0,0
87,12.1,7,25.63,0
71,0.17,3,1824.34,0
64,0.04,3,2999.83,0
99,11.21,3,365.29,0
26,0.58,5,137.14,0
20,6.26,7,3004.7,1
2,8.1,3,1785.97,1
51,8.46,3,43.17,0
98,12.43,5,458.54,0
58,18.1,3,38.66,0
38,7.75,5,352.6,1
0,15.32,3,15.38,1
59,7.97,7,4320.47,0
81,0.49,3,754.49,0
6,17.8,3,35.34,1
26,17.68,7,82.1,1
24,19.32,7,885.68,1
86,16.96,3,99.05,0
40,2.28,7,95.3,0
45,5.68,3,72.51,0
5,0.58,5,81.29,0
59,10.18,7,84.22,1
67,17.12,7,3685.77,1
14,15.32,3,9.32,1
51,16.02,5,1217.73,1
9,0.67,5,68.75,0
68,16.39,5,4000.77,1
91,7.97,5,4927.52,0
47,9.45,3,54.5,0
69,15.89,5,74.36,1
58,12.32,5,2704.42,1
84,19.16,5,587.49,1
56,7.47,7,214.87,0
57,3.43,7,37.02,0
45,10.94,5,900.4,1
91,8.97,5,4427.19,0
82,17.94,3,126.01,0
63,1.55,3,601.28,0
68,10.08,5,8.92,0
22,7.72,3,110.42,1
74,0.58,5,170.34,0
96,17.1,3,3054.05,0
27,19.71,3,38.17,1
85,0.43,3,3237.71,0
48,18.49,3,122.67,1
55,7.62,7,153.47,0
100,0.46,5,850.77,0
67,19.42,7,1032.32,1
81,0.82,5,2215.0,0
65,17.19,3,16.59,0
32,17.77,3,1574.97,1
44,0.74,5,17.81,0
79,5.34,3,4391.2,0
79,0.16,5,76.18,0
51,0.98,5,22.75,0
79,9.48,3,1229.19,0
46,3.91,5,2949.73,0
64,2.3,3,6.79,0
88,0.9,3,35.75,0
54,0.07,3,3683.57,0
98,0.34,5,43.2,0
68,2.57,5,4096.81,0
20,8.68,7,155.12,1
52,0.07,7,29.81,0
26,13.66,7,946.86,1
25,6.93,3,4354.86,0
96,9.25,7,87.34,0
76,0.78,5,656.52,0
90,0.16,7,4734.68,0
64,0.52,3,23.5,0
27,0.93,5,4119.16,0
1,0.31,3,407.72,0
20,4.72,5,4211.73,1
64,15.89,5,1196.52,1
28,0.5,3,10.78,0
51,0.61,5,242.73,0
20,17.09,3,82.86,1
50,0.53,3,20.46,0
46,0.86,5,40.55,0
49,0.34,5,19.17,0
78,13.26,7,29.57,1
26,0.92,5,593.95,0
69,15.19,5,114.82,1
14,12.14,3,2620.54,1
29,5.91,3,693.06,0
53,8.72,5,2284.41,0
35,0.66,7,4124.99,0
73,0.14,7,92.84,0
40,12.15,3,98.4,0
39,8.83,3,441.33,0
36,0.62,3,53.17,0
5,0.35,3,364.71,0
2,10.23,7,409.83,1
66,19.37,5,70.66,1
59,17.48,7,654.12,1
55,0.99,7,730.8,0
4,17.18,7,9.19,1
77,0.52,7,389.47,0
80,0.33,5,2014.42,0
61,16.25,5,763.46,1
62,16.57,3,62.87,0
47,15.41,7,736.74,1
1,0.47,7,4560.46,1
100,2.37,3,4681.9,0
57,4.06,3,662.54,0
95,0.27,5,2689.84,0
71,17.88,3,4655.07,0
41,19.96,5,991.59,1
75,2.55,3,73.35,0
47,1.62,3,50.18,0
37,0.8,3,20.73,0
98,0.87,5,922.55,0
96,12.6,5,2619.08,0
65,0.1,7,328.69,0
68,5.04,5,95.91,0
53,0.81,7,3394.36,0
23,9.92,5,2347.95,1
76,0.25,7,279.13,0
57,5.59,7,1274.44,0
33,3.72,7,369.85,0
58,5.16,3,535.87,0
70,19.28,5,2950.9,1
20,8.49,3,203.54,1
5,0.75,5,4669.87,0
30,0.68,3,87.01,0
23,0.52,7,521.52,0
9,0.98,5,19.45,0
43,10.31,5,907.57,1
18,15.09,3,2169.16,1
79,1.03,5,38.79,0
83,18.68,5,4014.81,1
94,0.87,5,3935.76,0
14,0.87,3,166.21,0
34,3.48,7,609.52,0
65,0.44,5,896.71,0
84,3.98,3,40.41,0
84,14.98,7,374.82,1
78,19.48,7,126.16,1
55,10.55,7,891.99,1
94,13.99,7,3624.68,1
91,5.63,7,875.14,0
91,13.72,3,2070.74,0
27,11.8,7,8.54,1
77,0.01,7,3875.42,0
7,8.03,7,4194.6,1
74,0.48,3,488.43,0
12,0.56,5,790.02,0
96,14.88,3,992.51,0
20,0.49,3,155.8,0
28,0.12,3,28.2,0
15,0.6,5,742.72,0
69,19.2,5,81.09,1
75,0.3,5,4624.07,0
55,18.19,5,1191.34,1
57,3.97,5,4629.93,0
15,18.68,3,247.9,1
18,14.65,7,3.16,1
38,8.23,7,867.81,1
98,15.73,5,473.65,0
80,0.63,3,364.36,0
30,5.81,3,18.13,0
85,2.11,7,3667.18,0
2,0.13,3,1651.32,0
23,3.09,7,4082.25,0
38,9.15,7,639.1,1
40,18.0,3,842.6,1
76,0.23,5,44.56,0
4,0.85,3,897.0,0
83,16.18,3,80.47,0
6,7.55,7,594.1,1
29,0.44,3,202.0,0
76,16.31,3,1342.28,0
49,8.68,7,74.24,1
43,18.46,5,817.87,1
70,6.23,3,114.37,0
85,0.07,5,9.64,0
22,5.23,3,3305.28,0
24,0.52,3,4764.67,0
82,0.77,7,22.36,0
54,2.85,7,601.71,0
9,4.01,3,448.86,1
4,15.53,5,2632.96,1
37,0.27,3,937.22,0
95,12.74,7,65.05,0
87,9.31,3,819.48,0
79,8.38,3,541.29,0
28,7.06,7,2655.87,1
81,0.99,3,250.8,0
60,19.2,7,1258.87,1
23,0.82,7,1961.05,0
21,0.66,7,3245.8,0
43,15.64,5,599.24,1
24,5.59,5,657.05,1
0,0.61,3,3031.74,1
34,10.0,7,1806.07,1
43,18.12,7,601.88,1
14,9.53,7,3733.25,1
10,19.42,3,1566.7,1
79,8.59,5,1685.59,0
96,2.0,7,4074.12,0
71,0.4,5,60.56,0
13,1.44,7,970.6,0
47,0.9,7,65.07,0
100,10.73,5,6.15,0
51,18.8,5,978.5,1
8,8.46,3,2884.5,1
16,18.85,7,515.16,1
87,0.81,5,2622.33,0
72,0.24,7,4357.97,0
56,5.46,7,391.92,0
34,0.12,7,4403.24,0
22,0.25,5,195.37,0
53,0.59,7,682.53,0
41,2.5,5,830.87,0
62,0.04,7,1086.17,0
8,1.02,3,80.81,0
24,4.67,7,4388.76,1
30,15.37,5,40.5,1
65,0.29,7,73.03,0
82,0.14,3,732.63,0
97,5.55,3,69.17,0
48,2.04,7,555.3,0
66,19.05,7,3323.48,1
29,0.72,5,15.86,0
71,9.47,5,98.03,0
23,0.94,7,1361.01,0
2,15.17,3,54.61,1
34,7.79,5,73.61,1
66,6.88,5,62.67,0
3,17.03,7,46.85,1
83,13.49,3,999.47,0
95,13.91,7,96.46,1
24,0.72,5,4972.64,0
38,0.84,5,3392.86,0
52,1.09,7,600.55,0
42,1.38,5,470.03,0
78,1.43,7,4606.56,0
73,8.88,3,81.65,0
73,11.89,7,2920.6,1
86,10.18,3,17.87,0
37,0.02,3,99.45,0
51,4.52,5,848.61,0
100,15.73,5,90.95,0
18,0.4,3,11.52,0
23,13.8,7,3167.28,1
35,10.12,3,57.97,0
53,0.51,5,4122.41,0
57,16.49,5,38.28,1
62,5.36,3,2014.33,0
27,18.69,3,843.04,1
34,18.3,5,488.37,1
43,19.55,3,83.35,1
63,0.75,3,454.29,0
81,0.24,5,42.3,0
99,0.95,3,547.95,0
70,0.68,5,69.95,0
7,1.53,5,25.88,1
47,16.76,5,2392.0,1
52,19.77,3,579.18,1
27,4.5,7,38.72,1
7,0.75,7,198.15,0
46,14.26,3,1210.04,0
77,7.0,7,70.13,0
93,16.23,7,1.7,1
100,0.68,5,18.41,0
32,0.04,3,812.55,0
35,3.56,7,28.27,0
17,0.4,5,67.45,0
40,13.61,7,278.35,1
53,0.77,3,934.85,0
25,0.98,5,18.51,0
52,6.77,7,347.68,0
95,0.82,3,68.74,0
64,9.57,7,102.82,1
28,16.76,3,40.9,1
50,0.51,3,569.95,0
44,1.93,3,71.78,0
88,11.98,5,840.56,0
6,17.55,7,42.3,1
45,6.64,3,32.25,0
56,1.51,7,606.01,0
31,8.74,7,4483.8,1
26,0.55,7,74.0,0
27,0.13,7,92.49,0
60,8.08,3,4289.04,0
68,13.99,5,48.24,1
11,10.45,3,640.54,1
47,8.32,3,85.25,0
72,7.64,7,3603.93,0
70,0.65,7,65.56,0
83,19.65,5,25.63,1
45,0.79,5,307.19,0
64,16.31,7,1979.3,1
21,6.47,3,175.3,0
26,0.7,5,715.12,0
42,17.86,7,82.84,1
22,3.99,5,3.91,0
97,8.51,3,3635.14,0
60,14.09,7,23.22,1
69,7.6,3,387.89,0
59,0.53,3,2625.03,0
77,4.58,3,62.07,0
24,1.22,7,116.62,0
58,0.54,7,94.35,0
45,0.38,5,13.49,0
95,6.42,7,592.14,0
82,15.38,3,4485.78,0
9,6.93,5,87.33,1
18,0.88,7,21.71,0
91,9.17,7,2875.03,0
43,9.5,7,73.81,1
93,0.19,3,3865.96,0
94,14.01,5,488.08,0
60,0.94,3,296.18,0
60,14.64,7,16.15,1
56,6.13,5,23.67,0
3,0.52,7,3333.97,1
77,0.84,3,87.36,0
18,0.03,5,4235.65,0
9,5.09,3,66.2,1
8,16.91,5,59.68,1
68,12.79,3,45.67,0
91,0.19,7,78.6,0
91,19.14,5,304.04,1
71,11.2,7,2496.09,1
2,9.26,5,79.02,1
32,10.01,7,12.18,1
1,0.45,7,2391.66,1
26,6.49,5,525.14,1
55,0.85,3,463.89,0
81,15.42,3,203.2,0
78,19.45,5,5.51,1
32,15.24,3,4171.54,1
91,19.92,3,4990.91,0
46,9.15,5,58.23,0
52,19.88,5,692.94,1
81,6.33,7,1366.83,0
97,9.82,5,83.45,0
27,4.25,7,272.32,1
14,5.91,3,3972.79,1
1,17.73,7,70.22,1
3,4.8,5,798.52,1
52,11.93,7,79.25,1
96,2.3,3,1501.23,0
69,7.87,3,631.23,0
92,18.33,3,984.96,0
8,8.32,7,444.26,1
72,0.87,5,867.37,0
29,0.26,3,523.98,0
42,2.63,7,99.55,0
100,5.91,7,231.46,0
89,9.8,5,712.77,0
56,0.04,7,4109.93,0
91,0.42,5,32.97,0
4,0.94,5,3467.66,1
90,5.04,3,88.26,0
11,0.18,5,316.9,0
2,0.55,5,3129.62,1
62,19.8,7,85.18,1
100,0.39,5,397.12,0
54,5.87,5,90.8,0
59,10.46,3,640.26,0
8,0.32,7,9.83,0
4,18.44,3,1529.71,1
25,0.5,5,276.58,0
0,0.84,7,41.8,1
53,19.86,7,616.08,1
89,6.59,3,64.34,0
99,13.31,3,4499.42,0
78,0.95,3,613.12,0
4,5.01,5,92.47,1
39,7.58,7,94.71,1
77,10.18,7,4470.74,0
81,12.38,3,871.0,0
44,11.68,7,34.09,1
4,15.94,3,349.31,1
86,0.6,3,2538.64,0
97,0.22,7,7.12,0
77,18.12,3,471.72,0
95,0.51,3,241.43,0
24,17.34,5,156.55,1
27,11.14,3,34.96,1
96,11.81,7,228.99,0
25,0.76,5,241.72,0
55,1.63,7,79.16,0
92,3.45,5,4447.2,0
36,0.32,5,411.78,0
35,16.36,3,991.2,1
91,19.01,5,87.61,1
96,19.13,3,40.57,0
43,8.82,7,3545.55,1
53,7.58,5,41.14,0
5,13.49,7,1837.64,1
97,3.62,3,1580.15,0
92,15.16,5,1616.1,0
39,2.19,5,11.77,0
26,0.08,7,16.19,0
17,11.62,3,4931.54,1
60,10.35,7,331.49,1
23,0.75,5,3503.45,0
50,13.89,5,852.13,1
33,2.13,5,3450.09,0
50,0.22,7,585.8,0
30,0.79,5,765.24,0
59,8.15,7,39.12,0
14,13.5,5,55.45,1
45,11.28,7,197.32,1
27,8.29,5,8.2,1
33,4.22,3,4868.69,0
2,0.78,7,940.65,1
19,0.94,5,2214.47,0
15,17.19,3,1545.48,1
69,18.43,3,935.97,0
14,2.28,7,11.01,1
65,8.57,3,895.07,0
56,7.4,7,82.2,0
71,6.63,5,46.55,0
38,10.65,7,1711.16,1
65,2.87,3,323.94,0
67,3.47,7,731.61,0
32,1.41,3,856.09,0
67,2.91,3,79.76,0
65,13.5,3,64.75,0
31,13.95,3,1038.21,1
10,18.19,3,4911.74,1
2,6.2,7,45.19,1
74,16.87,3,3565.04,0
93,6.8,7,72.8,0
4,16.15,5,3059.97,1
52,0.95,5,3652.43,0
44,10.42,7,1707.84,1
8,12.43,5,27.75,1
93,0.78,7,1480.27,0
11,0.07,7,35.14,0
46,12.73,7,70.77,1
14,15.26,7,301.15,1
21,6.22,3,4351.51,0
67,0.73,3,397.7,0
17,0.55,3,1133.75,0
92,12.31,7,18.78,0
48,9.44,5,2146.1,0
37,13.52,5,754.05,1
53,8.13,5,199.95,0
73,0.53,3,343.92,0
65,0.06,7,54.57,0
36,0.04,5,695.61,0
68,0.24,5,356.57,0
6,19.6,7,3072.02,1
53,12.15,5,2564.63,1
56,4.84,5,2824.57,0
57,16.71,3,730.53,0
55,19.96,3,43.06,1
15,19.44,7,42.81,1
34,1.21,5,96.06,0
36,1.0,7,3128.39,0
61,16.27,7,155.12,1
5,0.4,5,244.61,0
88,14.26,5,41.6,0
88,0.7,7,2858.81,0
83,0.23,3,393.06,0
6,6.49,7,1990.6,1
97,14.26,5,81.09,0
26,0.79,5,1093.25,0
71,13.48,5,405.06,0
5,4.84,7,4460.79,1
75,6.56,7,2867.37,0
40,14.28,5,436.7,1
39,2.77,3,2294.36,0
85,10.19,5,2108.89,0
23,9.49,7,265.16,1
61,18.22,5,83.63,1
64,19.28,3,82.07,0
68,8.11,7,91.01,0
42,0.04,3,4332.55,0
26,0.04,5,79.19,0
99,14.17,5,522.08,0
20,14.23,3,3402.69,1
23,11.76,5,29.73,1
18,15.23,3,3698.67,1
63,4.27,3,60.0,0
72,0.67,3,75.39,0
1,15.15,3,85.93,1
52,10.23,3,47.07,0
34,1.67,7,66.13,0
37,0.37,7,96.88,0
77,18.07,5,4460.61,1
91,0.26,3,750.96,0
51,5.01,3,73.4,0
74,0.49,5,1.64,0
9,0.98,5,2790.39,0
42,13.93,5,99.39,1
80,10.92,7,177.28,0
79,16.67,3,2355.51,0
38,0.04,5,3609.65,0
20,17.91,7,214.83,1
100,12.25,7,1799.94,0
75,1.04,3,804.98,0
69,7.24,5,4786.65,0
76,8.69,3,6.23,0
5,3.42,3,954.47,1
28,0.08,5,43.73,0
12,1.77,5,50.87,0
1,6.71,3,771.15,1
56,4.12,5,32.05,0
62,17.23,5,3266.59,1
100,0.25,3,3279.03,0
75,0.46,5,1812.24,0
23,0.98,5,224.42,0
73,0.07,5,397.78,0
45,4.58,5,454.55,0
61,17.83,5,3.45,1
56,16.96,5,3687.98,1
40,7.71,5,84.46,0
52,0.51,3,59.05,0
9,3.2,5,349.64,1
34,19.71,7,2068.32,1
42,0.42,3,229.47,0
65,18.79,5,19.31,1
53,5.32,5,116.03,0
23,17.66,5,4801.53,1
76,0.84,3,1193.57,0
90,4.44,3,28.97,0
95,9.05,3,611.33,0
85,10.1,5,2751.49,0
93,0.94,5,4417.15,0
76,8.08,3,5.51,0
34,0.7,7,1424.77,0
23,15.23,7,506.85,1
65,0.86,7,4778.74,0
40,0.93,7,609.68,0
1,0.46,5,65.93,1
42,19.15,3,261.09,1
85,0.89,7,95.54,0
20,13.97,7,923.54,1
30,8.28,5,50.45,1
54,0.4,5,62.64,0
78,6.06,7,69.44,0
6,16.41,3,194.67,1
31,11.69,3,1261.61,1
92,0.45,7,559.11,0
90,11.53,5,39.81,0
40,9.69,5,306.88,1
83,13.8,5,415.71,0
23,0.51,3,286.08,0
75,0.19,7,977.59,0
17,8.4,5,64.18,1
60,7.32,5,4545.83,0
71,6.58,3,1485.69,0
86,6.42,3,377.54,0
90,0.3,7,4798.16,0
29,3.03,3,1008.55,0
25,13.08,3,260.07,1
87,6.76,7,4283.34,0
3,0.99,5,3202.4,1
38,0.03,3,15.84,0
93,0.17,3,78.42,0
85,0.0,3,202.41,0
40,10.94,7,680.54,1
21,1.01,7,2416.08,0
30,15.89,5,666.52,1
7,10.32,7,214.94,1
83,0.61,7,3813.89,0
43,15.85,3,2696.67,1
14,6.95,5,91.63,1
68,11.93,5,846.65,0
65,4.04,3,4041.36,0
68,7.88,5,1533.19,0
39,2.84,3,511.44,0
90,0.89,3,834.75,0
0,4.38,7,4566.73,1
61,3.53,3,229.47,0
98,3.59,3,4669.58,0
82,0.12,7,93.4,0
86,12.45,7,29.11,1
23,16.27,3,105.1,1
17,0.76,7,235.22,0
1,0.32,3,67.26,0
93,12.98,7,1659.31,0
48,15.88,7,4571.72,1
69,12.33,7,764.15,1
69,6.58,5,2491.69,0
62,6.79,5,59.17,0
14,0.32,5,640.29,0
20,16.52,7,42.8,1
45,18.27,5,2920.3,1
89,0.79,5,60.09,0
78,11.79,3,517.18,0
79,17.63,3,117.65,0
25,0.32,7,923.7,0
25,0.23,7,69.16,0
27,0.62,3,3352.68,0
8,4.58,7,120.08,1
36,14.92,5,409.02,1
96,19.87,3,353.71,0
78,0.25,5,725.01,0
25,6.31,7,53.81,1
60,0.68,7,2085.52,0
71,11.42,7,1928.11,1
87,0.34,5,265.42,0
80,9.62,5,4479.05,0
89,0.34,5,959.07,0
18,13.62,5,497.75,1
70,0.92,5,1484.29,0
53,0.64,7,905.92,0
93,12.91,5,2933.88,0
43,12.36,5,11.82,1
100,7.65,7,564.7,0
23,4.14,3,44.57,0
63,16.76,7,4621.87,1
31,0.06,7,156.6,0
47,0.6,7,222.27,0
26,12.57,7,572.95,1
81,19.62,5,642.5,1
41,0.13,5,81.49,0
32,3.56,3,2840.74,0
92,14.57,5,4168.39,0
33,13.85,7,3361.23,1
6,0.87,3,528.39,0
3,3.73,7,99.12,1
5,12.58,5,64.23,1
12,0.42,5,31.45,0
58,17.33,7,539.57,1
76,14.41,3,432.57,0
23,7.34,7,325.54,1
78,15.43,3,851.75,0
25,0.77,5,366.84,0
24,1.16,5,1.22,0
54,0.15,3,653.28,0
52,0.57,5,1.23,0
50,16.0,7,91.39,1
56,8.84,3,949.44,0
62,0.1,5,520.49,0
13,1.79,7,664.18,0
40,4.82,5,237.54,0
30,0.05,3,2709.47,0
25,11.47,5,53.63,1
0,17.52,3,84.21,1
56,0.36,3,72.89,0
36,5.97,3,1381.14,0
30,1.02,5,117.49,0
15,16.72,5,1702.71,1
34,0.41,5,65.16,0
69,19.6,7,897.08,1
13,15.52,3,39.4,1
80,0.96,3,411.53,0
74,3.4,5,614.69,0
73,0.71,5,3046.39,0
62,17.5,5,66.19,1
43,10.94,3,4171.18,0
98,10.65,5,871.14,0
36,3.71,5,12.84,0
45,12.05,5,2605.56,1
43,10.09,5,380.19,1
58,18.53,7,49.97,1
19,9.5,7,2265.41,1
25,0.53,5,16.93,0
30,2.07,3,557.98,0
37,12.63,7,4872.6,1
61,18.59,3,637.03,0
59,1.0,3,49.57,0
6,11.53,5,360.31,1
60,14.11,7,4606.0,1
92,5.66,5,545.7,0
56,0.56,7,77.47,0
95,0.45,5,653.43,0
44,7.53,3,338.5,0
35,10.39,3,87.21,0
10,0.03,5,735.65,0
30,11.32,3,62.01,1
88,7.11,5,3265.96,0
63,8.87,7,110.32,0
47,17.07,3,231.87,1
69,6.29,5,16.54,0
35,19.8,5,32.71,1
30,15.94,7,967.03,1
13,0.28,7,168.61,0
66,2.68,7,3374.68,0
30,0.77,7,73.54,0
64,0.05,7,978.13,0
18,13.12,3,3861.5,1
46,4.75,3,705.5,0
17,7.43,7,338.18,1
16,6.94,5,156.13,1
63,0.37,3,3847.02,0
61,11.66,5,83.26,0
69,3.82,5,2064.81,0
92,9.33,3,13.49,0
32,6.72,5,867.99,1
72,0.09,5,2720.08,0
94,0.88,3,2404.49,0
23,0.43,5,4438.88,0
21,10.35,3,3311.14,1
87,0.45,3,882.55,0
89,10.31,7,82.14,0
41,0.15,7,393.37,0
93,5.59,3,990.06,0
90,0.96,3,4.71,0
96,0.21,7,4430.45,0
37,17.02,5,320.87,1
62,11.67,7,253.4,1
89,1.07,5,816.12,0
75,19.09,5,993.51,1
77,0.85,5,1328.25,0
27,0.28,5,29.6,0
35,1.48,5,1616.12,0
38,19.72,3,2887.39,1
6,10.19,3,2908.97,1
56,0.77,5,57.01,0
5,19.68,5,43.53,1
40,10.02,7,605.9,1
6,0.2,5,1507.57,0
76,7.77,5,3436.98,0
90,17.61,5,856.66,0
46,5.87,5,430.63,0
19,12.44,7,390.62,1
9,9.44,3,3083.9,1
93,11.64,5,664.33,0
9,16.35,5,956.55,1
80,1.79,3,69.49,0
25,0.95,3,51.01,0
56,0.1,5,1061.63,0
5,0.67,5,439.58,0
54,0.84,5,34.07,0
9,0.71,5,613.35,0
13,0.55,5,3747.32,0
20,17.94,5,13.69,1
60,0.46,3,422.64,0
17,1.98,7,885.41,0
95,0.97,5,4983.68,0
60,0.15,3,22.53,0
11,7.22,7,335.82,1
34,12.91,3,4860.94,1
78,8.93,3,663.29,0
62,0.63,3,891.08,0
36,11.46,5,90.1,1
69,0.32,3,425.02,0
15,13.94,7,96.56,1
90,7.1,3,72.59,0
71,12.31,5,11.7,0
8,0.43,3,403.36,0
9,2.55,7,1475.32,1
36,10.25,3,937.62,0
28,0.33,5,18.49,0
64,8.06,7,97.05,0
43,16.08,5,35.16,1
94,17.23,3,53.01,0
76,5.01,7,821.41,0
15,15.06,3,162.04,1
45,11.26,3,71.47,0
71,3.97,3,4438.78,0
26,5.0,7,153.99,1
28,18.34,7,3142.52,1
35,0.07,5,4353.03,0
86,13.05,7,603.74,1
49,5.93,5,4665.15,0
69,0.27,5,67.83,0
31,2.89,3,2747.43,0
60,9.1,7,89.6,1
33,16.4,7,526.76,1
1,7.09,5,2289.61,1
88,9.86,7,328.33,0
36,9.68,3,82.81,0
31,2.86,7,591.27,0
81,4.23,7,2192.58,0
99,15.87,3,521.72,0
59,6.43,7,271.82,0
87,0.36,5,618.4,0
14,0.17,7,5.24,0
52,0.77,7,3471.0,0
7,2.82,3,467.85,1
38,10.41,7,22.96,1
26,7.61,3,37.96,0
95,0.56,3,740.7,0
31,0.15,7,4346.13,0
18,1.19,3,37.46,0
76,15.65,3,4922.32,0
12,4.1,5,884.76,1
1,13.15,7,496.6,1
79,18.46,3,194.03,0
86,12.68,3,2438.77,0
79,2.29,3,39.07,0
85,0.16,7,646.41,0
74,19.82,7,4266.04,1
84,3.66,7,398.37,0
97,8.33,7,1123.28,0
41,16.33,7,23.02,1
56,7.43,3,130.34,0
37,11.68,5,4368.39,1
75,7.04,7,27.29,0
43,17.18,5,81.61,1
93,0.79,5,1952.63,0
53,0.4,5,899.6,0
75,0.65,7,98.74,0
56,19.76,7,3144.08,1
28,15.22,5,19.27,1
76,0.12,7,3398.87,0
57,0.66,5,288.69,0
50,10.04,5,1817.94,1
51,13.21,3,220.97,0
68,11.67,7,58.92,1
69,0.26,5,75.64,0
31,1.37,7,2604.72,0
71,0.82,5,4008.08,0
25,0.33,7,888.97,0
17,0.81,3,181.51,0
66,16.69,5,1358.39,1
1,5.38,3,91.29,1
18,14.21,7,4975.0,1
17,6.78,5,533.74,1
37,0.26,7,3826.38,0
42,10.19,7,89.24,1
29,3.61,7,4194.96,0
69,14.77,3,451.29,0
99,16.62,3,65.97,0
38,0.66,7,4076.81,0
62,18.48,3,25.61,0
81,0.54,3,67.01,0
12,12.1,7,3451.59,1
94,10.28,7,1867.5,0
31,10.46,7,4394.12,1
62,19.45,5,24.15,1
53,14.8,7,4061.36,1
46,1.65,5,3087.68,0
38,0.25,5,178.91,0
13,5.94,7,1983.12,1
20,19.48,7,35.48,1
46,1.72,5,31.17,0
62,15.7,7,750.58,1
48,8.46,3,521.48,0
13,11.29,7,701.8,1
67,12.57,3,51.78,0
69,5.34,5,797.72,0
51,13.57,3,31.91,0
59,10.26,5,48.71,0
61,16.74,3,4574.87,0
81,0.61,5,4440.93,0
94,3.73,7,403.32,0
59,4.81,5,38.31,0
51,0.31,7,50.59,0
71,13.53,5,98.32,0
4,1.28,7,2123.04,1
96,0.22,3,86.05,0
31,2.13,7,29.91,0
96,10.56,3,415.46,0
46,7.24,5,99.48,0
63,11.1,7,2737.9,1
80,16.75,3,2934.54,0
44,0.42,5,2642.39,0
73,15.51,7,3768.34,1
70,10.2,7,64.38,1
17,10.98,3,22.61,1
18,6.85,3,858.93,1
68,5.05,7,16.83,0
56,10.13,3,52.93,0
25,0.05,3,59.8,0
99,17.45,5,1220.4,0
83,0.75,3,98.71,0
59,17.18,3,952.91,0
99,13.62,5,16.65,0
39,0.99,7,896.87,0
67,2.8,3,99.73,0
85,3.26,7,227.75,0
69,0.96,5,74.09,0
66,14.85,3,1066.9,0
13,7.19,3,71.76,1
26,0.38,3,3624.85,0
37,6.63,5,356.15,0
56,9.07,5,1386.63,0
39,0.47,7,2863.48,0
20,0.46,3,59.67,0
86,1.53,3,38.56,0
81,16.74,3,3035.92,0
37,6.43,7,1320.18,1
28,0.15,5,26.3,0
1,0.78,7,841.74,1
93,10.98,7,1425.33,0
97,11.69,7,468.1,0
7,16.2,5,52.16,1
68,0.62,3,4.18,0
23,0.37,7,4529.46,0
52,1.0,3,754.37,0
100,5.89,7,76.77,0
36,2.18,3,270.72,0
56,3.15,7,17.42,0
14,18.01,5,62.04,1
75,0.36,7,2921.18,0
54,4.35,5,2121.13,0
22,12.89,3,4145.96,1
10,14.55,7,968.87,1
88,9.25,5,75.43,0
94,8.72,3,783.87,0
44,0.57,7,695.73,0
15,0.94,5,1263.9,0
99,0.19,3,7.9,0
84,13.84,7,3079.57,1
67,0.92,5,925.89,0
34,16.21,5,279.73,1
77,0.71,5,28.42,0
13,13.9,5,14.23,1
81,11.1,7,3611.81,0
24,19.06,5,364.69,1
3,14.81,7,414.22,1
10,10.99,5,27.21,1
47,10.63,3,368.39,0
24,0.2,3,15.77,0
87,6.35,5,915.04,0
31,2.59,5,837.74,0
87,13.07,7,37.65,1
89,11.35,5,4528.41,0
60,0.85,3,711.44,0
46,13.23,7,299.17,1
44,11.98,7,13.62,1
10,0.48,3,69.29,0
49,10.1,3,11.96,0
78,15.33,7,4444.61,1
64,6.59,5,2281.76,0
86,19.11,3,658.66,0
99,0.44,3,687.13,0
10,18.6,5,4766.23,1
36,9.22,5,25.8,1
3,10.68,5,64.23,1
53,5.32,7,421.27,0
78,0.05,5,59.76,0
53,15.54,5,126.7,1
65,10.1,5,71.51,0
0,11.9,3,34.99,1
31,6.48,5,258.1,1
96,1.1,7,2862.11,0
83,0.27,5,701.37,0
39,2.11,5,4225.38,0
29,16.95,5,4509.51,1
63,15.77,3,465.08,0
81,0.54,5,407.05,0
29,0.33,7,665.67,0
86,3.02,5,41.57,0
3,14.95,7,482.73,1
2,0.4,5,4512.84,0
67,18.36,5,3212.4,1
38,0.33,3,2.39,0
68,12.1,5,13.48,0
77,9.44,3,459.82,0
13,15.0,5,42.97,1
30,2.8,3,179.44,0
74,14.37,5,37.28,0
43,14.58,5,90.83,1
53,0.33,5,389.29,0
26,0.47,3,88.99,0
88,17.51,7,391.32,1
75,0.82,3,394.11,0
63,4.05,5,59.08,0
5,0.38,7,4773.88,0
40,15.39,7,47.28,1
28,8.77,3,2625.91,0
76,2.64,7,3983.61,0
77,0.92,5,713.01,0
40,0.2,5,825.46,0
7,0.68,3,1.5,0
29,14.09,3,273.77,1
85,13.63,3,3480.11,0
81,16.46,3,2733.45,0
5,19.68,7,60.55,1
73,11.68,7,768.09,1
67,9.36,5,39.37,0
53,0.47,3,2071.6,0
21,3.6,7,2159.43,1
53,6.21,7,2496.02,0
69,2.5,7,4104.08,0
73,0.53,5,31.37,0
3,17.48,5,231.53,1
47,0.2,3,489.05,0
41,0.42,7,96.43,0
98,10.04,5,81.98,0
25,6.34,7,245.98,1
35,0.92,3,41.27,0
14,11.21,3,4559.9,1
87,0.49,7,70.89,0
4,0.54,5,1402.67,0
59,5.47,7,919.13,0
79,0.55,5,626.7,0
74,16.53,7,31.63,1
18,13.75,5,15.37,1
63,7.02,5,796.39,0
14,12.52,7,666.75,1
50,9.85,7,117.19,1
56,1.56,3,1965.74,0
37,8.01,7,1066.55,1
43,0.1,7,3730.98,0
5,10.64,3,4036.92,1
56,19.38,7,396.71,1
50,0.74,3,36.89,0
75,0.74,5,3429.09,0
85,0.41,7,995.76,0
38,0.56,3,821.77,0
76,4.3,7,86.71,0
97,2.13,3,747.77,0
0,13.98,3,901.25,1
84,0.89,7,1179.57,0
5,0.13,5,720.57,0
63,14.83,7,1287.54,1
84,16.4,3,39.8,0
51,14.91,5,812.9,1
31,12.92,5,64.75,1
34,18.9,7,211.66,1
55,8.82,3,216.38,0
74,0.99,5,587.29,0
99,4.08,7,184.57,0
95,8.26,7,748.12,0
69,0.15,3,415.16,0
50,15.05,5,30.2,1
49,16.52,3,14.1,1
82,10.55,7,4130.8,0
91,6.51,3,700.61,0
14,5.35,5,2220.41,1
22,5.12,5,4706.89,1
51,0.87,3,2827.13,0
12,0.67,7,679.41,0
63,7.75,5,795.42,0
36,0.34,7,128.94,0
40,3.16,3,12.28,0
54,18.61,3,1836.41,1
23,6.24,7,39.19,1
21,11.45,7,2578.98,1
3,0.94,5,592.95,1
88,0.41,3,49.24,0
35,0.88,5,1532.65,0
55,0.27,3,2943.8,0
98,18.59,3,412.53,0
38,7.65,5,638.97,1
28,11.97,5,1481.9,1
67,0.79,3,3330.61,0
97,9.25,7,1.04,0
17,9.56,3,367.29,1
63,15.07,5,4325.17,1
78,16.02,5,951.45,1
62,11.43,5,4509.46,0
66,19.73,5,72.15,1
15,0.29,5,2268.97,0
55,16.36,5,213.48,1
4,2.53,7,4414.78,1
63,0.94,5,1151.24,0
27,0.19,5,5.37,0
41,0.5,3,99.54,0
25,0.09,5,4979.8,0
26,0.1,7,14.7,0
4,17.31,5,1158.37,1
24,17.58,7,2348.99,1
23,2.28,3,333.07,0
63,18.57,7,902.81,1
61,18.12,7,3671.45,1
71,2.9,7,42.59,0
84,4.49,3,229.52,0
89,12.92,5,3549.62,0
6,11.88,3,4071.75,1
1,13.04,3,9.32,1
88,18.21,7,740.43,1
75,6.9,3,4578.8,0
62,0.65,3,290.89,0
21,9.6,5,4250.83,1
6,1.59,3,85.39,0
82,10.24,7,888.82,0
32,16.35,3,41.13,1
17,1.23,7,32.72,0
3,11.12,7,3062.39,1
91,19.4,5,532.36,1
13,6.73,3,326.51,1
64,11.09,7,426.88,1
48,3.29,3,797.22,0
79,0.57,5,2340.71,0
80,0.06,5,2167.08,0
96,6.34,5,4310.12,0
57,0.67,3,14.53,0
39,6.13,3,862.22,0
19,18.04,7,56.8,1
72,12.48,3,78.95,0
63,0.58,7,90.2,0
100,4.93,7,475.43,0
49,15.34,7,4264.63,1
61,0.58,7,42.43,0
4,1.71,3,4764.67,1
68,0.12,3,2304.05,0
91,15.39,7,75.23,1
55,0.33,7,617.66,0
51,0.84,5,67.29,0
48,0.96,3,77.12,0
70,12.55,3,854.05,0
49,0.11,7,19.62,0
36,10.2,5,82.38,1
95,11.51,7,1122.56,0
56,19.61,5,80.18,1
0,0.81,3,910.07,1
60,6.66,3,1947.27,0
44,14.28,3,75.89,0
63,4.95,3,40.5,0
66,13.0,3,973.42,0
42,6.68,3,1402.04,0
17,0.75,3,41.93,0
6,0.67,5,120.67,0
11,18.05,5,53.3,1
91,0.99,3,3964.75,0
74,16.42,3,4046.5,0
18,8.99,3,554.03,1
68,18.94,7,85.16,1
62,12.26,5,909.75,0
25,16.99,7,659.55,1
96,7.73,5,1417.87,0
16,4.46,5,770.53,1
34,3.59,3,4735.04,0
92,17.23,3,953.47,0
65,0.3,7,285.22,0
66,11.16,5,31.11,0
15,0.28,3,115.1,0
80,15.91,3,7.54,0
90,13.92,7,895.48,1
19,15.11,5,89.48,1
14,0.81,5,382.61,0
67,15.38,5,965.67,1
72,0.69,7,275.82,0
89,19.61,5,14.92,1
67,1.26,7,700.47,0
73,8.6,3,439.97,0
46,15.72,5,80.02,1
42,0.04,3,4961.7,0
22,3.8,5,72.63,0
58,14.79,5,2800.25,1
96,15.99,7,708.58,1
45,4.94,7,794.86,0
82,9.51,3,53.15,0
51,6.39,5,256.43,0
82,16.11,3,999.31,0
59,0.5,7,5.86,0
92,5.61,7,1844.66,0
50,17.59,7,236.68,1
42,16.45,7,463.71,1
67,15.94,3,8.7,0
32,1.7,3,45.59,0
33,10.65,7,673.11,1
100,14.33,5,367.26,0
41,0.84,7,441.26,0
3,1.77,7,392.91,1
67,0.07,7,628.42,0
3,0.67,5,4946.6,1
36,10.67,3,11.41,0
96,6.37,3,3992.93,0
35,16.19,5,2571.83,1
8,8.14,5,807.01,1
11,16.24,3,83.27,1
63,0.68,5,3136.71,0
91,7.89,5,32.72,0
14,5.42,7,378.32,1
77,15.73,3,14.56,0
15,13.69,5,30.71,1
33,14.97,5,77.72,1
37,0.26,5,929.85,0
77,13.04,3,1715.03,0
64,4.93,7,89.57,0
54,0.93,5,46.38,0
44,8.19,5,37.18,0
44,12.18,7,71.07,1
76,13.42,7,170.89,1
1,15.44,5,49.8,1
59,1.97,5,1963.26,0
39,10.41,7,930.02,1
62,17.82,7,424.37,1
75,0.92,5,242.12,0
81,13.66,5,55.55,0
46,8.93,7,1628.22,1
34,1.02,3,35.2,0
21,0.26,7,856.55,0
60,14.2,5,36.26,1
83,4.23,5,330.01,0
13,0.54,3,53.74,0
11,6.0,5,881.05,1
9,16.41,5,11.38,1
20,0.88,5,83.83,0
35,10.53,3,265.45,0
79,11.03,5,8.41,0
35,13.11,7,4217.79,1
35,19.39,3,749.42,1
79,0.63,5,153.91,0
51,10.42,3,789.12,0
71,12.01,3,727.92,0
88,0.95,3,11.1,0
6,0.51,7,112.5,0
32,14.22,3,59.0,1
22,0.49,5,204.69,0
42,0.93,7,3680.53,0
17,0.5,7,841.71,0
3,15.33,3,138.68,1
81,18.54,5,2436.93,1
23,1.34,7,38.55,0
99,2.62,7,4061.24,0
74,16.16,7,2384.72,1
57,0.63,7,2858.13,0
38,0.05,5,39.53,0
22,0.07,5,1406.25,0
36,0.81,7,382.24,0
11,17.13,5,21.96,1
11,0.05,5,63.01,0
59,10.65,5,213.96,0
48,14.81,7,70.13,1
6,0.53,3,37.45,0
39,9.01,5,45.96,1
67,8.34,5,240.09,0
4,19.25,7,33.39,1
39,5.71,7,646.79,1
55,8.16,7,4864.05,1
43,18.37,5,63.54,1
22,0.91,3,894.44,0
96,1.53,5,4.74,0
64,0.7,5,98.59,0
86,0.9,3,1.67,0
79,0.29,5,63.47,0
65,16.68,7,500.99,1
82,0.61,5,27.45,0
24,2.74,5,668.58,0
21,9.95,3,299.7,1
3,2.58,3,2405.13,1
77,15.92,5,447.6,1
5,0.07,5,4204.51,0
5,0.27,3,24.5,0
74,9.02,7,414.91,0
37,0.03,3,39.85,0
98,0.03,7,4480.93,0
65,7.23,5,93.16,0
44,0.41,7,989.65,0
89,13.68,7,4985.91,1
41,0.46,7,2117.0,0
25,0.01,7,774.84,0
55,0.86,3,169.18,0
88,2.65,3,3893.22,0
46,9.71,7,1371.05,1
80,2.33,5,1.11,0
69,6.36,5,610.14,0
46,8.53,7,70.4,1
12,12.58,7,58.39,1
5,4.25,7,855.04,1
27,0.32,3,4214.4,0
29,6.96,3,749.84,0
94,14.18,3,3656.81,0
0,8.88,7,198.81,1
94,15.61,7,244.97,1
17,8.19,7,55.46,1
8,14.29,7,1189.41,1
36,0.12,5,512.0,0
43,9.44,7,4111.02,1
74,14.13,3,22.53,0
56,0.56,7,2718.72,0
64,18.78,5,72.95,1
22,11.73,7,2346.38,1
71,14.26,7,3895.61,1
7,0.43,5,974.29,0
17,0.59,3,17.51,0
14,0.95,5,4939.03,0
55,7.31,5,17.5,0
91,0.69,5,713.22,0
70,14.92,5,90.16,1
91,12.15,3,445.28,0
35,11.58,7,1462.96,1
0,19.64,5,81.05,1
3,9.22,3,268.73,1
40,9.54,7,3207.52,1
84,15.65,7,74.71,1
40,0.94,7,875.45,0
45,0.37,7,13.95,0
72,0.54,5,2.91,0
56,13.58,3,854.81,0
57,6.58,3,78.67,0
69,0.9,7,88.63,0
83,0.55,5,425.68,0
78,18.02,7,3336.05,1
43,4.48,7,68.46,0
